mode: set
gonetwork/cmd/node/main.go:39.13,46.34 5 0
gonetwork/cmd/node/main.go:46.34,47.14 1 0
gonetwork/cmd/node/main.go:48.17,49.19 1 0
gonetwork/cmd/node/main.go:50.17,51.26 1 0
gonetwork/cmd/node/main.go:51.26,53.5 1 0
gonetwork/cmd/node/main.go:57.2,60.63 2 0
gonetwork/cmd/node/main.go:60.63,63.3 2 0
gonetwork/cmd/node/main.go:63.8,65.3 1 0
gonetwork/cmd/node/main.go:67.2,68.23 2 0
gonetwork/cmd/node/main.go:68.23,70.3 1 0
gonetwork/cmd/node/main.go:74.2,74.21 1 0
gonetwork/cmd/node/main.go:74.21,76.17 2 0
gonetwork/cmd/node/main.go:76.17,78.4 1 0
gonetwork/cmd/node/main.go:79.3,80.17 2 0
gonetwork/cmd/node/main.go:80.17,82.4 1 0
gonetwork/cmd/node/main.go:83.3,83.65 1 0
gonetwork/cmd/node/main.go:83.65,85.4 1 0
gonetwork/cmd/node/main.go:85.9,87.4 1 0
gonetwork/cmd/node/main.go:90.2,92.47 3 0
gonetwork/cmd/node/main.go:92.47,93.36 1 0
gonetwork/cmd/node/main.go:93.36,95.4 1 0
gonetwork/cmd/node/main.go:99.2,101.14 2 0
gonetwork/cmd/node/main.go:101.14,103.3 1 0
gonetwork/cmd/node/main.go:106.2,109.50 4 0
gonetwork/cmd/node/main.go:115.59,118.6 2 0
gonetwork/cmd/node/main.go:118.6,119.10 1 0
gonetwork/cmd/node/main.go:120.21,121.10 1 0
gonetwork/cmd/node/main.go:122.45,122.45 0 0
gonetwork/cmd/node/main.go:124.3,124.44 1 0
gonetwork/cmd/node/main.go:124.44,126.9 2 0
gonetwork/cmd/node/main.go:131.2,132.54 2 0
gonetwork/cmd/node/main.go:132.54,134.3 1 0
gonetwork/cmd/node/main.go:134.8,136.3 1 0
gonetwork/cmd/node/main.go:138.2,143.60 4 0
gonetwork/cmd/node/main.go:143.60,145.3 1 0
gonetwork/cmd/node/main.go:145.8,147.3 1 0
gonetwork/cmd/node/main.go:149.2,154.57 4 0
gonetwork/cmd/node/main.go:154.57,156.3 1 0
gonetwork/cmd/node/main.go:156.8,158.3 1 0
gonetwork/cmd/node/main.go:160.2,160.71 1 0
gonetwork/cmd/api/main.go:36.13,41.22 4 0
gonetwork/cmd/api/main.go:41.22,43.3 1 0
gonetwork/cmd/api/main.go:45.2,57.16 6 0
gonetwork/cmd/api/main.go:57.16,59.3 1 0
gonetwork/cmd/api/main.go:60.2,68.46 5 0
gonetwork/cmd/api/main.go:68.46,70.3 1 0
gonetwork/cmd/api/main.go:71.2,72.16 2 0
gonetwork/cmd/api/main.go:72.16,74.3 1 0
gonetwork/cmd/api/main.go:75.2,75.45 1 0
gonetwork/cmd/api/main.go:75.45,77.3 1 0
gonetwork/cmd/api/main.go:77.8,79.3 1 0
gonetwork/cmd/api/main.go:80.2,87.17 4 0
gonetwork/cmd/api/main.go:87.17,89.15 2 0
gonetwork/cmd/api/main.go:89.15,91.5 1 0
gonetwork/cmd/api/main.go:92.4,92.12 1 0
gonetwork/cmd/api/main.go:97.2,99.12 3 0
gonetwork/cmd/api/main.go:99.12,104.3 4 0
gonetwork/cmd/api/main.go:106.2,107.36 2 0
gonetwork/cmd/api/main.go:107.36,109.3 1 0
gonetwork/cmd/api/main.go:115.49,116.60 1 0
gonetwork/cmd/api/main.go:116.60,118.17 2 0
gonetwork/cmd/api/main.go:118.17,120.4 1 0
gonetwork/cmd/api/main.go:121.3,122.17 2 0
gonetwork/cmd/api/main.go:122.17,124.4 1 0
gonetwork/cmd/api/main.go:125.3,126.13 2 0
gonetwork/cmd/api/main.go:129.2,130.16 2 0
gonetwork/cmd/api/main.go:130.16,132.3 1 0
gonetwork/cmd/api/main.go:133.2,135.12 2 0
gonetwork/cmd/bootstrap/main.go:61.59,63.16 2 0
gonetwork/cmd/bootstrap/main.go:63.16,65.17 2 0
gonetwork/cmd/bootstrap/main.go:65.17,67.4 1 0
gonetwork/cmd/bootstrap/main.go:68.3,69.17 2 0
gonetwork/cmd/bootstrap/main.go:69.17,71.4 1 0
gonetwork/cmd/bootstrap/main.go:72.3,73.19 2 0
gonetwork/cmd/bootstrap/main.go:77.2,78.16 2 0
gonetwork/cmd/bootstrap/main.go:78.16,80.3 1 0
gonetwork/cmd/bootstrap/main.go:82.2,83.16 2 0
gonetwork/cmd/bootstrap/main.go:83.16,85.3 1 0
gonetwork/cmd/bootstrap/main.go:87.2,87.97 1 0
gonetwork/cmd/bootstrap/main.go:87.97,89.3 1 0
gonetwork/cmd/bootstrap/main.go:89.8,91.3 1 0
gonetwork/cmd/bootstrap/main.go:93.2,93.18 1 0
gonetwork/cmd/bootstrap/main.go:97.54,99.44 2 0
gonetwork/cmd/bootstrap/main.go:99.44,101.14 2 0
gonetwork/cmd/bootstrap/main.go:101.14,102.12 1 0
gonetwork/cmd/bootstrap/main.go:104.3,105.17 2 0
gonetwork/cmd/bootstrap/main.go:105.17,107.12 2 0
gonetwork/cmd/bootstrap/main.go:109.3,110.17 2 0
gonetwork/cmd/bootstrap/main.go:110.17,112.12 2 0
gonetwork/cmd/bootstrap/main.go:114.3,114.29 1 0
gonetwork/cmd/bootstrap/main.go:116.2,116.14 1 0
gonetwork/cmd/bootstrap/main.go:119.13,125.67 4 0
gonetwork/cmd/bootstrap/main.go:125.67,126.59 1 0
gonetwork/cmd/bootstrap/main.go:126.59,128.4 1 0
gonetwork/cmd/bootstrap/main.go:128.9,130.4 1 0
gonetwork/cmd/bootstrap/main.go:133.2,138.29 4 0
gonetwork/cmd/bootstrap/main.go:138.29,140.3 1 0
gonetwork/cmd/bootstrap/main.go:141.2,141.16 1 0
gonetwork/cmd/bootstrap/main.go:141.16,143.3 1 0
gonetwork/cmd/bootstrap/main.go:146.2,147.16 2 0
gonetwork/cmd/bootstrap/main.go:147.16,149.3 1 0
gonetwork/cmd/bootstrap/main.go:152.2,156.4 2 0
gonetwork/cmd/bootstrap/main.go:156.4,158.17 2 0
gonetwork/cmd/bootstrap/main.go:158.17,160.4 1 0
gonetwork/cmd/bootstrap/main.go:161.3,161.42 1 0
gonetwork/cmd/bootstrap/main.go:165.2,169.16 2 0
gonetwork/cmd/bootstrap/main.go:169.16,171.3 1 0
gonetwork/cmd/bootstrap/main.go:172.2,178.33 5 0
gonetwork/cmd/bootstrap/main.go:178.33,180.3 1 0
gonetwork/cmd/bootstrap/main.go:181.2,185.33 4 0
gonetwork/cmd/bootstrap/main.go:185.33,187.86 2 0
gonetwork/cmd/bootstrap/main.go:187.86,189.9 2 0
gonetwork/cmd/bootstrap/main.go:192.2,195.36 2 0
gonetwork/cmd/bootstrap/main.go:195.36,196.22 1 0
gonetwork/cmd/bootstrap/main.go:196.22,197.12 1 0
gonetwork/cmd/bootstrap/main.go:199.3,199.44 1 0
gonetwork/cmd/bootstrap/main.go:199.44,201.4 1 0
gonetwork/cmd/bootstrap/main.go:201.9,203.4 1 0
gonetwork/cmd/bootstrap/main.go:207.2,208.16 2 0
gonetwork/cmd/bootstrap/main.go:208.16,210.3 1 0
gonetwork/cmd/bootstrap/main.go:211.2,211.43 1 0
gonetwork/cmd/bootstrap/main.go:211.43,213.3 1 0
gonetwork/cmd/bootstrap/main.go:214.2,220.57 5 0
gonetwork/cmd/operator/main.go:53.27,54.56 1 0
gonetwork/cmd/operator/main.go:54.56,56.3 1 0
gonetwork/cmd/operator/main.go:57.2,58.16 2 0
gonetwork/cmd/operator/main.go:58.16,60.3 1 0
gonetwork/cmd/operator/main.go:61.2,61.55 1 0
gonetwork/cmd/operator/main.go:65.23,67.2 1 0
gonetwork/cmd/operator/main.go:71.40,73.16 2 0
gonetwork/cmd/operator/main.go:73.16,74.25 1 0
gonetwork/cmd/operator/main.go:74.25,76.4 1 0
gonetwork/cmd/operator/main.go:77.3,77.66 1 0
gonetwork/cmd/operator/main.go:79.2,80.16 2 0
gonetwork/cmd/operator/main.go:80.16,82.3 1 0
gonetwork/cmd/operator/main.go:83.2,84.16 2 0
gonetwork/cmd/operator/main.go:84.16,86.3 1 0
gonetwork/cmd/operator/main.go:87.2,87.18 1 0
gonetwork/cmd/operator/main.go:91.58,94.2 2 0
gonetwork/cmd/operator/main.go:98.38,102.51 3 0
gonetwork/cmd/operator/main.go:102.51,106.3 3 0
gonetwork/cmd/operator/main.go:108.2,108.47 1 0
gonetwork/cmd/operator/main.go:108.47,110.3 1 0
gonetwork/cmd/operator/main.go:112.2,113.16 2 0
gonetwork/cmd/operator/main.go:113.16,115.3 1 0
gonetwork/cmd/operator/main.go:117.2,118.16 2 0
gonetwork/cmd/operator/main.go:118.16,120.3 1 0
gonetwork/cmd/operator/main.go:122.2,122.87 1 0
gonetwork/cmd/operator/main.go:122.87,124.3 1 0
gonetwork/cmd/operator/main.go:126.2,127.16 2 0
gonetwork/cmd/operator/main.go:127.16,129.3 1 0
gonetwork/cmd/operator/main.go:131.2,132.16 2 0
gonetwork/cmd/operator/main.go:132.16,134.3 1 0
gonetwork/cmd/operator/main.go:136.2,145.73 10 0
gonetwork/cmd/operator/main.go:149.24,151.16 2 0
gonetwork/cmd/operator/main.go:151.16,154.3 2 0
gonetwork/cmd/operator/main.go:155.2,156.16 2 0
gonetwork/cmd/operator/main.go:156.16,158.3 1 0
gonetwork/cmd/operator/main.go:160.2,161.16 2 0
gonetwork/cmd/operator/main.go:161.16,163.3 1 0
gonetwork/cmd/operator/main.go:165.2,166.63 2 0
gonetwork/cmd/operator/main.go:179.38,181.23 2 0
gonetwork/cmd/operator/main.go:181.23,186.3 4 0
gonetwork/cmd/operator/main.go:188.2,189.16 2 0
gonetwork/cmd/operator/main.go:189.16,192.3 2 0
gonetwork/cmd/operator/main.go:194.2,195.16 2 0
gonetwork/cmd/operator/main.go:195.16,197.3 1 0
gonetwork/cmd/operator/main.go:199.2,200.16 2 0
gonetwork/cmd/operator/main.go:200.16,202.3 1 0
gonetwork/cmd/operator/main.go:203.2,214.16 8 0
gonetwork/cmd/operator/main.go:214.16,216.3 1 0
gonetwork/cmd/operator/main.go:218.2,227.16 3 0
gonetwork/cmd/operator/main.go:227.16,229.3 1 0
gonetwork/cmd/operator/main.go:231.2,235.16 4 0
gonetwork/cmd/operator/main.go:235.16,237.3 1 0
gonetwork/cmd/operator/main.go:238.2,242.16 4 0
gonetwork/cmd/operator/main.go:242.16,245.3 2 0
gonetwork/cmd/operator/main.go:246.2,249.79 3 0
gonetwork/cmd/operator/main.go:249.79,255.3 5 0
gonetwork/cmd/operator/main.go:255.8,258.3 2 0
gonetwork/cmd/operator/main.go:261.14,280.2 18 0
gonetwork/cmd/operator/main.go:282.13,284.20 2 0
gonetwork/cmd/operator/main.go:284.20,287.3 2 0
gonetwork/cmd/operator/main.go:289.2,289.17 1 0
gonetwork/cmd/operator/main.go:290.27,292.30 2 0
gonetwork/cmd/operator/main.go:292.30,293.22 1 0
gonetwork/cmd/operator/main.go:293.22,295.5 1 0
gonetwork/cmd/operator/main.go:297.3,297.29 1 0
gonetwork/cmd/operator/main.go:299.24,300.20 1 0
gonetwork/cmd/operator/main.go:302.18,304.30 2 0
gonetwork/cmd/operator/main.go:304.30,305.39 1 0
gonetwork/cmd/operator/main.go:305.39,307.5 1 0
gonetwork/cmd/operator/main.go:309.3,309.19 1 0
gonetwork/cmd/operator/main.go:311.10,314.13 3 0
gonetwork/simulation/main.go:29.31,31.16 2 0
gonetwork/simulation/main.go:31.16,33.3 1 0
gonetwork/simulation/main.go:34.2,34.12 1 0
gonetwork/simulation/main.go:37.38,39.2 1 0
gonetwork/simulation/main.go:41.41,44.2 2 0
gonetwork/simulation/main.go:48.31,51.12 3 0
gonetwork/simulation/main.go:51.12,53.3 1 0
gonetwork/simulation/main.go:54.2,56.13 3 0
gonetwork/simulation/main.go:56.13,58.14 2 0
gonetwork/simulation/main.go:58.14,60.4 1 0
gonetwork/simulation/main.go:62.2,62.30 1 0
gonetwork/simulation/main.go:62.30,64.14 2 0
gonetwork/simulation/main.go:64.14,66.4 1 0
gonetwork/simulation/main.go:68.2,68.19 1 0
gonetwork/simulation/main.go:72.46,74.41 2 0
gonetwork/simulation/main.go:74.41,75.45 1 0
gonetwork/simulation/main.go:75.45,77.4 1 0
gonetwork/simulation/main.go:79.2,79.14 1 0
gonetwork/simulation/main.go:86.13,113.92 19 0
gonetwork/simulation/main.go:113.92,115.17 2 0
gonetwork/simulation/main.go:115.17,117.4 1 0
gonetwork/simulation/main.go:118.3,118.31 1 0
gonetwork/simulation/main.go:121.2,148.16 12 0
gonetwork/simulation/main.go:148.16,150.3 1 0
gonetwork/simulation/main.go:151.2,171.27 9 0
gonetwork/simulation/main.go:171.27,173.17 2 0
gonetwork/simulation/main.go:173.17,175.4 1 0
gonetwork/simulation/main.go:176.3,178.38 2 0
gonetwork/simulation/main.go:180.2,184.16 3 0
gonetwork/simulation/main.go:184.16,186.3 1 0
gonetwork/simulation/main.go:187.2,188.16 2 0
gonetwork/simulation/main.go:188.16,190.3 1 0
gonetwork/simulation/main.go:191.2,192.16 2 0
gonetwork/simulation/main.go:192.16,194.3 1 0
gonetwork/simulation/main.go:196.2,229.24 13 0
gonetwork/simulation/main.go:229.24,239.3 7 0
gonetwork/simulation/main.go:239.8,242.3 2 0
gonetwork/simulation/main.go:245.2,246.53 2 0
gonetwork/simulation/main.go:246.53,250.49 3 0
gonetwork/simulation/main.go:250.49,252.4 1 0
gonetwork/simulation/main.go:253.3,257.8 5 0
gonetwork/simulation/main.go:259.2,259.14 1 0
gonetwork/simulation/main.go:259.14,262.3 2 0
gonetwork/simulation/main.go:265.2,266.96 2 0
gonetwork/simulation/main.go:266.96,269.3 2 0
gonetwork/simulation/main.go:269.8,273.3 2 0
gonetwork/simulation/main.go:274.2,282.31 6 0
gonetwork/simulation/main.go:282.31,284.3 1 0
gonetwork/simulation/main.go:286.2,295.37 8 0
gonetwork/api/audit.go:80.45,81.15 1 0
gonetwork/api/audit.go:81.15,83.3 1 0
gonetwork/api/audit.go:84.2,85.42 2 0
gonetwork/api/audit.go:95.36,97.16 2 0
gonetwork/api/audit.go:97.16,99.3 1 0
gonetwork/api/audit.go:100.2,101.16 2 0
gonetwork/api/audit.go:101.16,105.3 2 0
gonetwork/api/audit.go:107.2,107.48 1 0
gonetwork/api/audit.go:114.45,115.26 1 0
gonetwork/api/audit.go:115.26,117.3 1 0
gonetwork/api/audit.go:118.2,119.16 2 0
gonetwork/api/audit.go:119.16,121.3 1 0
gonetwork/api/audit.go:122.2,124.32 3 0
gonetwork/api/audit.go:128.33,130.2 1 0
gonetwork/api/audit.go:133.40,135.44 1 0
gonetwork/api/audit.go:135.44,136.27 1 0
gonetwork/api/audit.go:136.27,138.4 1 0
gonetwork/api/audit.go:140.2,140.19 1 0
gonetwork/api/dev.go:28.35,30.2 1 0
gonetwork/api/dev.go:49.73,50.20 1 0
gonetwork/api/dev.go:50.20,53.3 2 0
gonetwork/api/dev.go:56.2,57.32 2 0
gonetwork/api/dev.go:57.32,67.3 1 0
gonetwork/api/dev.go:70.2,71.32 2 0
gonetwork/api/dev.go:71.32,73.3 1 0
gonetwork/api/dev.go:76.2,78.43 3 0
gonetwork/api/dev.go:78.43,80.29 2 0
gonetwork/api/dev.go:80.29,81.34 1 0
gonetwork/api/dev.go:81.34,84.5 2 0
gonetwork/api/dev.go:86.3,86.29 1 0
gonetwork/api/dev.go:86.29,87.34 1 0
gonetwork/api/dev.go:87.34,90.5 2 0
gonetwork/api/dev.go:92.3,98.5 1 0
gonetwork/api/dev.go:102.2,103.37 2 0
gonetwork/api/dev.go:103.37,105.3 1 0
gonetwork/api/dev.go:108.2,109.31 2 0
gonetwork/api/dev.go:109.31,111.3 1 0
gonetwork/api/dev.go:114.2,115.50 2 0
gonetwork/api/dev.go:115.50,117.3 1 0
gonetwork/api/dev.go:120.2,121.31 2 0
gonetwork/api/dev.go:121.31,122.50 1 0
gonetwork/api/dev.go:122.50,124.4 1 0
gonetwork/api/dev.go:128.2,129.45 2 0
gonetwork/api/dev.go:129.45,131.3 1 0
gonetwork/api/dev.go:134.2,135.32 2 0
gonetwork/api/dev.go:135.32,137.3 1 0
gonetwork/api/dev.go:140.2,141.32 2 0
gonetwork/api/dev.go:141.32,142.86 1 0
gonetwork/api/dev.go:142.86,144.4 1 0
gonetwork/api/dev.go:148.2,149.47 2 0
gonetwork/api/dev.go:149.47,151.3 1 0
gonetwork/api/dev.go:154.2,155.53 2 0
gonetwork/api/dev.go:155.53,156.27 1 0
gonetwork/api/dev.go:156.27,166.4 1 0
gonetwork/api/dev.go:172.2,173.39 2 0
gonetwork/api/dev.go:173.39,174.47 1 0
gonetwork/api/dev.go:174.47,176.4 1 0
gonetwork/api/dev.go:180.2,182.26 3 0
gonetwork/api/dev.go:182.26,184.3 1 0
gonetwork/api/dev.go:185.2,186.47 2 0
gonetwork/api/dev.go:186.47,188.3 1 0
gonetwork/api/dev.go:191.2,192.49 2 0
gonetwork/api/dev.go:192.49,194.3 1 0
gonetwork/api/dev.go:196.2,224.4 1 0
gonetwork/api/dev.go:234.74,235.20 1 0
gonetwork/api/dev.go:235.20,238.3 2 0
gonetwork/api/dev.go:240.2,241.16 2 0
gonetwork/api/dev.go:241.16,243.3 1 0
gonetwork/api/dev.go:245.2,253.12 5 0
gonetwork/api/dev.go:253.12,255.32 2 0
gonetwork/api/dev.go:255.32,257.72 2 0
gonetwork/api/dev.go:257.72,259.5 1 0
gonetwork/api/dev.go:263.2,265.41 3 0
gonetwork/api/dev.go:265.41,268.3 2 0
gonetwork/api/dev.go:270.2,270.6 1 0
gonetwork/api/dev.go:270.6,272.17 2 0
gonetwork/api/dev.go:272.17,273.9 1 0
gonetwork/api/dev.go:276.3,279.65 2 0
gonetwork/api/dev.go:279.65,281.36 2 0
gonetwork/api/dev.go:281.36,283.5 1 0
gonetwork/api/dev.go:284.4,284.29 1 0
gonetwork/api/dev.go:286.3,286.58 1 0
gonetwork/api/dev.go:288.2,288.8 1 0
gonetwork/api/handlers.go:25.74,27.16 2 0
gonetwork/api/handlers.go:27.16,30.3 2 0
gonetwork/api/handlers.go:31.2,35.4 2 0
gonetwork/api/handlers.go:41.71,48.61 3 0
gonetwork/api/handlers.go:48.61,51.3 2 0
gonetwork/api/handlers.go:53.2,54.16 2 0
gonetwork/api/handlers.go:54.16,57.3 2 0
gonetwork/api/handlers.go:58.2,59.16 2 0
gonetwork/api/handlers.go:59.16,62.17 2 0
gonetwork/api/handlers.go:62.17,65.4 2 0
gonetwork/api/handlers.go:67.2,67.40 1 0
gonetwork/api/handlers.go:67.40,77.3 3 0
gonetwork/api/handlers.go:78.2,78.70 1 0
gonetwork/api/handlers.go:78.70,88.3 3 0
gonetwork/api/handlers.go:91.2,95.52 4 0
gonetwork/api/handlers.go:95.52,100.3 4 0
gonetwork/api/handlers.go:101.2,101.57 1 0
gonetwork/api/handlers.go:101.57,104.25 3 0
gonetwork/api/handlers.go:104.25,106.4 1 0
gonetwork/api/handlers.go:109.2,111.16 2 0
gonetwork/api/handlers.go:111.16,114.3 2 0
gonetwork/api/handlers.go:115.2,116.16 2 0
gonetwork/api/handlers.go:116.16,119.3 2 0
gonetwork/api/handlers.go:120.2,130.4 2 0
gonetwork/api/handlers.go:139.75,141.32 2 0
gonetwork/api/handlers.go:141.32,143.3 1 0
gonetwork/api/handlers.go:144.2,144.37 1 0
gonetwork/api/handlers.go:149.73,152.9 3 0
gonetwork/api/handlers.go:152.9,155.3 2 0
gonetwork/api/handlers.go:156.2,156.32 1 0
gonetwork/api/handlers.go:162.76,173.61 3 0
gonetwork/api/handlers.go:173.61,176.3 2 0
gonetwork/api/handlers.go:177.2,177.40 1 0
gonetwork/api/handlers.go:177.40,180.3 2 0
gonetwork/api/handlers.go:181.2,181.26 1 0
gonetwork/api/handlers.go:181.26,184.3 2 0
gonetwork/api/handlers.go:185.2,185.24 1 0
gonetwork/api/handlers.go:185.24,188.3 2 0
gonetwork/api/handlers.go:191.2,197.25 5 0
gonetwork/api/handlers.go:197.25,203.3 5 0
gonetwork/api/handlers.go:205.2,205.58 1 0
gonetwork/api/handlers.go:205.58,208.3 2 0
gonetwork/api/handlers.go:211.2,226.9 3 0
gonetwork/api/handlers.go:226.9,228.3 1 0
gonetwork/api/handlers.go:230.2,241.34 2 0
gonetwork/api/handlers.go:241.34,243.3 1 0
gonetwork/api/handlers.go:245.2,245.47 1 0
gonetwork/api/handlers.go:245.47,248.3 2 0
gonetwork/api/handlers.go:249.2,254.55 2 0
gonetwork/api/handlers.go:254.55,264.3 3 0
gonetwork/api/handlers.go:266.2,270.37 2 0
gonetwork/api/handlers.go:279.76,288.16 3 0
gonetwork/api/handlers.go:288.16,291.3 2 0
gonetwork/api/handlers.go:292.2,292.37 1 0
gonetwork/api/handlers.go:301.77,304.9 3 0
gonetwork/api/handlers.go:304.9,307.3 2 0
gonetwork/api/handlers.go:308.2,308.33 1 0
gonetwork/api/handlers.go:313.75,318.32 4 0
gonetwork/api/handlers.go:318.32,319.52 1 0
gonetwork/api/handlers.go:319.52,320.12 1 0
gonetwork/api/handlers.go:322.3,322.84 1 0
gonetwork/api/handlers.go:322.84,323.12 1 0
gonetwork/api/handlers.go:325.3,325.23 1 0
gonetwork/api/handlers.go:327.2,327.34 1 0
gonetwork/api/handlers.go:333.75,337.107 2 0
gonetwork/api/handlers.go:337.107,340.3 2 0
gonetwork/api/handlers.go:342.2,349.61 2 0
gonetwork/api/handlers.go:349.61,352.3 2 0
gonetwork/api/handlers.go:353.2,353.23 1 0
gonetwork/api/handlers.go:353.23,356.3 2 0
gonetwork/api/handlers.go:357.2,358.9 2 0
gonetwork/api/handlers.go:358.9,361.3 2 0
gonetwork/api/handlers.go:364.2,364.115 1 0
gonetwork/api/handlers.go:364.115,367.3 2 0
gonetwork/api/handlers.go:368.2,368.23 1 0
gonetwork/api/handlers.go:368.23,371.3 2 0
gonetwork/api/handlers.go:372.2,372.43 1 0
gonetwork/api/handlers.go:372.43,375.3 2 0
gonetwork/api/handlers.go:378.2,379.18 2 0
gonetwork/api/handlers.go:380.13,381.32 1 0
gonetwork/api/handlers.go:382.14,383.32 1 0
gonetwork/api/handlers.go:384.10,386.9 2 0
gonetwork/api/handlers.go:390.2,391.26 2 0
gonetwork/api/handlers.go:391.26,392.37 1 0
gonetwork/api/handlers.go:392.37,394.4 1 0
gonetwork/api/handlers.go:394.9,396.4 1 0
gonetwork/api/handlers.go:399.2,419.9 7 0
gonetwork/api/handlers.go:419.9,422.3 2 0
gonetwork/api/handlers.go:425.2,425.36 1 0
gonetwork/api/handlers.go:425.36,427.3 1 0
gonetwork/api/handlers.go:427.8,429.3 1 0
gonetwork/api/handlers.go:431.2,444.21 5 0
gonetwork/api/handlers.go:444.21,446.3 1 0
gonetwork/api/handlers.go:447.2,457.4 1 0
gonetwork/api/handlers.go:462.76,467.39 4 0
gonetwork/api/handlers.go:467.39,468.53 1 0
gonetwork/api/handlers.go:468.53,469.18 1 0
gonetwork/api/handlers.go:469.18,471.10 2 0
gonetwork/api/handlers.go:474.3,474.19 1 0
gonetwork/api/handlers.go:474.19,475.9 1 0
gonetwork/api/handlers.go:478.2,478.18 1 0
gonetwork/api/handlers.go:478.18,481.3 2 0
gonetwork/api/handlers.go:482.2,482.33 1 0
gonetwork/api/handlers.go:482.33,485.3 2 0
gonetwork/api/handlers.go:486.2,486.47 1 0
gonetwork/api/handlers.go:486.47,489.3 2 0
gonetwork/api/handlers.go:490.2,499.87 4 0
gonetwork/api/handlers.go:508.74,510.31 2 0
gonetwork/api/handlers.go:510.31,512.3 1 0
gonetwork/api/handlers.go:513.2,513.36 1 0
gonetwork/api/handlers.go:518.75,520.59 2 0
gonetwork/api/handlers.go:520.59,523.3 2 0
gonetwork/api/handlers.go:524.2,524.16 1 0
gonetwork/api/handlers.go:524.16,527.3 2 0
gonetwork/api/handlers.go:528.2,528.43 1 0
gonetwork/api/handlers.go:528.43,531.3 2 0
gonetwork/api/handlers.go:532.2,533.38 2 0
gonetwork/api/handlers.go:538.77,541.9 3 0
gonetwork/api/handlers.go:541.9,544.3 2 0
gonetwork/api/handlers.go:545.2,546.64 2 0
gonetwork/api/handlers.go:546.64,549.3 2 0
gonetwork/api/handlers.go:550.2,551.16 2 0
gonetwork/api/handlers.go:551.16,554.3 2 0
gonetwork/api/handlers.go:555.2,555.58 1 0
gonetwork/api/handlers.go:555.58,558.3 2 0
gonetwork/api/handlers.go:559.2,559.32 1 0
gonetwork/api/handlers.go:564.78,567.9 3 0
gonetwork/api/handlers.go:567.9,570.3 2 0
gonetwork/api/handlers.go:571.2,572.59 2 0
gonetwork/api/handlers.go:572.59,575.3 2 0
gonetwork/api/handlers.go:576.2,577.16 2 0
gonetwork/api/handlers.go:577.16,580.3 2 0
gonetwork/api/handlers.go:581.2,581.54 1 0
gonetwork/api/handlers.go:581.54,584.3 2 0
gonetwork/api/handlers.go:585.2,585.32 1 0
gonetwork/api/handlers.go:594.79,603.16 3 0
gonetwork/api/handlers.go:603.16,606.3 2 0
gonetwork/api/handlers.go:608.2,608.28 1 0
gonetwork/api/handlers.go:608.28,610.3 1 0
gonetwork/api/handlers.go:611.2,612.16 2 0
gonetwork/api/handlers.go:612.16,615.3 2 0
gonetwork/api/handlers.go:616.2,618.15 3 0
gonetwork/api/handlers.go:623.74,627.46 4 0
gonetwork/api/handlers.go:627.46,630.3 2 0
gonetwork/api/handlers.go:631.2,632.24 2 0
gonetwork/api/handlers.go:632.24,634.3 1 0
gonetwork/api/handlers.go:635.2,636.20 2 0
gonetwork/api/handlers.go:636.20,638.3 1 0
gonetwork/api/handlers.go:640.2,650.16 2 0
gonetwork/api/handlers.go:650.16,653.3 2 0
gonetwork/api/handlers.go:654.2,655.16 2 0
gonetwork/api/handlers.go:655.16,658.3 2 0
gonetwork/api/handlers.go:659.2,661.15 3 0
gonetwork/api/handlers.go:670.75,672.22 2 0
gonetwork/api/handlers.go:672.22,674.3 1 0
gonetwork/api/handlers.go:675.2,675.37 1 0
gonetwork/api/handlers.go:680.71,686.2 1 0
gonetwork/api/handlers.go:695.75,696.31 1 0
gonetwork/api/handlers.go:696.31,699.3 2 0
gonetwork/api/handlers.go:700.2,706.61 3 0
gonetwork/api/handlers.go:706.61,709.3 2 0
gonetwork/api/handlers.go:711.2,715.30 2 0
gonetwork/api/handlers.go:715.30,718.3 2 0
gonetwork/api/handlers.go:720.2,720.32 1 0
gonetwork/api/handlers.go:720.32,723.3 2 0
gonetwork/api/handlers.go:725.2,725.53 1 0
gonetwork/api/handlers.go:725.53,728.3 2 0
gonetwork/api/handlers.go:729.2,729.112 1 0
gonetwork/api/handlers.go:729.112,732.3 2 0
gonetwork/api/handlers.go:733.2,737.4 1 0
gonetwork/api/handlers.go:742.77,743.31 1 0
gonetwork/api/handlers.go:743.31,746.3 2 0
gonetwork/api/handlers.go:747.2,751.4 2 0
gonetwork/api/handlers.go:757.80,758.31 1 0
gonetwork/api/handlers.go:758.31,761.3 2 0
gonetwork/api/handlers.go:762.2,765.61 2 0
gonetwork/api/handlers.go:765.61,768.3 2 0
gonetwork/api/handlers.go:769.2,769.25 1 0
gonetwork/api/handlers.go:769.25,772.3 2 0
gonetwork/api/handlers.go:773.2,774.16 2 0
gonetwork/api/handlers.go:774.16,777.3 2 0
gonetwork/api/handlers.go:780.2,786.58 2 0
gonetwork/api/handlers.go:786.58,787.43 1 0
gonetwork/api/handlers.go:787.43,789.55 1 0
gonetwork/api/handlers.go:789.55,791.63 2 0
gonetwork/api/handlers.go:791.63,802.6 1 0
gonetwork/api/handlers.go:807.2,821.4 3 0
gonetwork/api/handlers.go:831.79,833.16 2 0
gonetwork/api/handlers.go:833.16,836.3 2 0
gonetwork/api/handlers.go:838.2,838.29 1 0
gonetwork/api/handlers.go:838.29,840.16 2 0
gonetwork/api/handlers.go:840.16,843.4 2 0
gonetwork/api/handlers.go:844.3,844.58 1 0
gonetwork/api/handlers.go:844.58,847.4 2 0
gonetwork/api/handlers.go:850.2,856.53 2 0
gonetwork/api/handlers.go:856.53,859.3 2 0
gonetwork/api/handlers.go:861.2,861.63 1 0
gonetwork/api/handlers.go:861.63,866.3 1 0
gonetwork/api/handlers.go:868.2,868.30 1 0
gonetwork/api/handlers.go:877.78,878.29 1 0
gonetwork/api/handlers.go:878.29,881.3 2 0
gonetwork/api/handlers.go:883.2,884.16 2 0
gonetwork/api/handlers.go:884.16,887.3 2 0
gonetwork/api/handlers.go:889.2,890.15 2 0
gonetwork/api/handlers.go:890.15,893.3 2 0
gonetwork/api/handlers.go:894.2,894.57 1 0
gonetwork/api/handlers.go:894.57,897.3 2 0
gonetwork/api/handlers.go:899.2,905.53 2 0
gonetwork/api/handlers.go:905.53,908.3 2 0
gonetwork/api/handlers.go:910.2,910.67 1 0
gonetwork/api/handlers.go:910.67,912.3 1 0
gonetwork/api/handlers.go:914.2,914.30 1 0
gonetwork/api/handlers.go:922.76,923.27 1 0
gonetwork/api/handlers.go:923.27,926.3 2 0
gonetwork/api/handlers.go:928.2,929.16 2 0
gonetwork/api/handlers.go:929.16,932.3 2 0
gonetwork/api/handlers.go:934.2,935.15 2 0
gonetwork/api/handlers.go:935.15,938.3 2 0
gonetwork/api/handlers.go:939.2,939.55 1 0
gonetwork/api/handlers.go:939.55,942.3 2 0
gonetwork/api/handlers.go:945.2,953.56 2 0
gonetwork/api/handlers.go:953.56,956.3 2 0
gonetwork/api/handlers.go:958.2,960.39 1 0
gonetwork/api/handlers.go:960.39,966.3 1 0
gonetwork/api/handlers.go:968.2,968.30 1 0
gonetwork/api/handlers.go:980.77,985.87 3 0
gonetwork/api/handlers.go:985.87,988.3 2 0
gonetwork/api/handlers.go:989.2,990.9 2 0
gonetwork/api/handlers.go:990.9,993.3 2 0
gonetwork/api/handlers.go:995.2,999.56 4 0
gonetwork/api/handlers.go:999.56,1004.3 4 0
gonetwork/api/handlers.go:1005.2,1005.53 1 0
gonetwork/api/handlers.go:1005.53,1008.25 3 0
gonetwork/api/handlers.go:1008.25,1010.4 1 0
gonetwork/api/handlers.go:1012.2,1014.16 2 0
gonetwork/api/handlers.go:1014.16,1017.3 2 0
gonetwork/api/handlers.go:1018.2,1019.16 2 0
gonetwork/api/handlers.go:1019.16,1022.3 2 0
gonetwork/api/handlers.go:1023.2,1033.4 2 0
gonetwork/api/handlers.go:1041.86,1043.21 2 0
gonetwork/api/handlers.go:1043.21,1046.3 2 0
gonetwork/api/handlers.go:1047.2,1048.16 2 0
gonetwork/api/handlers.go:1048.16,1053.3 2 0
gonetwork/api/handlers.go:1054.2,1062.4 1 0
gonetwork/api/handlers.go:1072.76,1080.61 3 0
gonetwork/api/handlers.go:1080.61,1083.3 2 0
gonetwork/api/handlers.go:1084.2,1084.79 1 0
gonetwork/api/handlers.go:1084.79,1087.3 2 0
gonetwork/api/handlers.go:1088.2,1089.16 2 0
gonetwork/api/handlers.go:1089.16,1094.3 1 0
gonetwork/api/handlers.go:1095.2,1103.60 9 0
gonetwork/api/handlers.go:1103.60,1105.3 1 0
gonetwork/api/handlers.go:1106.2,1107.78 2 0
gonetwork/api/handlers.go:1116.73,1122.16 4 0
gonetwork/api/handlers.go:1122.16,1127.3 1 0
gonetwork/api/handlers.go:1129.2,1129.56 1 0
gonetwork/api/handlers.go:1129.56,1132.3 2 0
gonetwork/api/handlers.go:1133.2,1133.57 1 0
gonetwork/api/handlers.go:1133.57,1136.3 2 0
gonetwork/api/handlers.go:1138.2,1178.62 2 0
gonetwork/api/handlers.go:1178.62,1181.3 2 0
gonetwork/api/handlers.go:1184.2,1221.27 11 0
gonetwork/api/handlers.go:1221.27,1223.3 1 0
gonetwork/api/handlers.go:1223.8,1225.3 1 0
gonetwork/api/handlers.go:1227.2,1227.43 1 0
gonetwork/api/handlers.go:1227.43,1233.3 2 0
gonetwork/api/handlers.go:1237.2,1237.57 1 0
gonetwork/api/handlers.go:1237.57,1238.48 1 0
gonetwork/api/handlers.go:1238.48,1239.84 1 0
gonetwork/api/handlers.go:1239.84,1242.5 2 0
gonetwork/api/handlers.go:1246.2,1252.31 4 0
gonetwork/api/handlers.go:1252.31,1259.3 1 0
gonetwork/api/handlers.go:1261.2,1272.4 2 0
gonetwork/api/handlers.go:1278.86,1281.48 3 0
gonetwork/api/handlers.go:1281.48,1283.3 1 0
gonetwork/api/handlers.go:1283.8,1285.27 2 0
gonetwork/api/handlers.go:1285.27,1286.36 1 0
gonetwork/api/handlers.go:1286.36,1288.5 1 0
gonetwork/api/handlers.go:1292.2,1293.28 2 0
gonetwork/api/handlers.go:1293.28,1295.3 1 0
gonetwork/api/handlers.go:1296.2,1299.4 1 0
gonetwork/api/handlers.go:1307.88,1315.61 4 0
gonetwork/api/handlers.go:1315.61,1318.3 2 0
gonetwork/api/handlers.go:1319.2,1319.55 1 0
gonetwork/api/handlers.go:1319.55,1322.3 2 0
gonetwork/api/handlers.go:1323.2,1323.57 1 0
gonetwork/api/handlers.go:1323.57,1326.3 2 0
gonetwork/api/handlers.go:1328.2,1329.16 2 0
gonetwork/api/handlers.go:1329.16,1332.3 2 0
gonetwork/api/handlers.go:1334.2,1334.29 1 0
gonetwork/api/handlers.go:1334.29,1336.68 1 0
gonetwork/api/handlers.go:1336.68,1339.4 2 0
gonetwork/api/handlers.go:1341.3,1342.32 2 0
gonetwork/api/handlers.go:1342.32,1345.22 3 0
gonetwork/api/handlers.go:1345.22,1353.5 2 0
gonetwork/api/handlers.go:1354.9,1358.22 2 0
gonetwork/api/handlers.go:1358.22,1360.5 1 0
gonetwork/api/handlers.go:1361.4,1367.5 1 0
gonetwork/api/handlers.go:1370.3,1373.59 2 0
gonetwork/api/handlers.go:1373.59,1374.44 1 0
gonetwork/api/handlers.go:1374.44,1376.56 1 0
gonetwork/api/handlers.go:1376.56,1378.64 2 0
gonetwork/api/handlers.go:1378.64,1389.7 1 0
gonetwork/api/handlers.go:1393.3,1407.71 3 0
gonetwork/api/handlers.go:1408.8,1410.85 1 0
gonetwork/api/handlers.go:1410.85,1413.4 2 0
gonetwork/api/handlers.go:1414.3,1422.71 2 0
gonetwork/api/handlers.go:1450.84,1455.55 4 0
gonetwork/api/handlers.go:1455.55,1456.39 1 0
gonetwork/api/handlers.go:1456.39,1457.12 1 0
gonetwork/api/handlers.go:1459.3,1460.61 2 0
gonetwork/api/handlers.go:1460.61,1462.4 1 0
gonetwork/api/handlers.go:1462.9,1462.58 1 0
gonetwork/api/handlers.go:1462.58,1464.4 1 0
gonetwork/api/handlers.go:1465.3,1476.5 1 0
gonetwork/api/handlers.go:1479.2,1479.38 1 0
gonetwork/api/handlers.go:1479.38,1481.15 2 0
gonetwork/api/handlers.go:1481.15,1484.4 2 0
gonetwork/api/handlers.go:1485.3,1485.45 1 0
gonetwork/api/handlers.go:1487.2,1487.34 1 0
gonetwork/api/handlers.go:1506.83,1510.36 3 0
gonetwork/api/handlers.go:1510.36,1511.64 1 0
gonetwork/api/handlers.go:1511.64,1512.12 1 0
gonetwork/api/handlers.go:1514.3,1515.58 2 0
gonetwork/api/handlers.go:1515.58,1519.4 3 0
gonetwork/api/handlers.go:1520.3,1520.55 1 0
gonetwork/api/handlers.go:1520.55,1523.4 2 0
gonetwork/api/handlers.go:1524.3,1524.25 1 0
gonetwork/api/handlers.go:1527.2,1527.38 1 0
gonetwork/api/handlers.go:1527.38,1529.3 1 0
gonetwork/api/handlers.go:1530.2,1530.34 1 0
gonetwork/api/handlers.go:1539.74,1542.9 3 0
gonetwork/api/handlers.go:1542.9,1548.3 2 0
gonetwork/api/handlers.go:1549.2,1553.4 1 0
gonetwork/api/handlers.go:1563.75,1577.43 4 0
gonetwork/api/handlers.go:1577.43,1579.31 2 0
gonetwork/api/handlers.go:1579.31,1580.31 1 0
gonetwork/api/handlers.go:1580.31,1581.13 1 0
gonetwork/api/handlers.go:1583.4,1584.40 2 0
gonetwork/api/handlers.go:1584.40,1586.5 1 0
gonetwork/api/handlers.go:1587.4,1588.23 2 0
gonetwork/api/handlers.go:1588.23,1590.5 1 0
gonetwork/api/handlers.go:1591.4,1601.6 1 0
gonetwork/api/handlers.go:1604.2,1604.16 1 0
gonetwork/api/handlers.go:1604.16,1606.3 1 0
gonetwork/api/handlers.go:1607.2,1607.34 1 0
gonetwork/api/handlers.go:1617.81,1635.43 4 0
gonetwork/api/handlers.go:1635.43,1637.39 2 0
gonetwork/api/handlers.go:1637.39,1638.12 1 0
gonetwork/api/handlers.go:1640.3,1641.22 2 0
gonetwork/api/handlers.go:1641.22,1643.4 1 0
gonetwork/api/handlers.go:1644.3,1645.31 2 0
gonetwork/api/handlers.go:1645.31,1646.45 1 0
gonetwork/api/handlers.go:1646.45,1647.13 1 0
gonetwork/api/handlers.go:1649.4,1650.40 2 0
gonetwork/api/handlers.go:1650.40,1652.5 1 0
gonetwork/api/handlers.go:1653.4,1654.23 2 0
gonetwork/api/handlers.go:1654.23,1656.5 1 0
gonetwork/api/handlers.go:1657.4,1669.6 1 0
gonetwork/api/handlers.go:1672.2,1672.16 1 0
gonetwork/api/handlers.go:1672.16,1674.3 1 0
gonetwork/api/handlers.go:1675.2,1675.34 1 0
gonetwork/api/handlers.go:1682.74,1688.39 4 0
gonetwork/api/handlers.go:1688.39,1689.53 1 0
gonetwork/api/handlers.go:1689.53,1690.23 1 0
gonetwork/api/handlers.go:1690.23,1692.10 2 0
gonetwork/api/handlers.go:1695.3,1695.19 1 0
gonetwork/api/handlers.go:1695.19,1696.9 1 0
gonetwork/api/handlers.go:1699.2,1699.18 1 0
gonetwork/api/handlers.go:1699.18,1702.3 2 0
gonetwork/api/handlers.go:1705.2,1706.9 2 0
gonetwork/api/handlers.go:1706.9,1709.3 2 0
gonetwork/api/handlers.go:1710.2,1710.31 1 0
gonetwork/api/handlers.go:1710.31,1713.3 2 0
gonetwork/api/handlers.go:1714.2,1714.47 1 0
gonetwork/api/handlers.go:1714.47,1717.3 2 0
gonetwork/api/handlers.go:1719.2,1729.92 3 0
gonetwork/api/handlers.go:1729.92,1735.3 2 0
gonetwork/api/handlers.go:1738.2,1738.103 1 0
gonetwork/api/handlers.go:1738.103,1741.3 2 0
gonetwork/api/handlers.go:1745.2,1745.87 1 0
gonetwork/api/handlers.go:1745.87,1746.79 1 0
gonetwork/api/handlers.go:1746.79,1749.4 2 0
gonetwork/api/handlers.go:1753.2,1753.22 1 0
gonetwork/api/handlers.go:1753.22,1754.79 1 0
gonetwork/api/handlers.go:1754.79,1755.90 1 0
gonetwork/api/handlers.go:1755.90,1758.5 2 0
gonetwork/api/handlers.go:1765.2,1772.29 4 0
gonetwork/api/handlers.go:1772.29,1773.36 1 0
gonetwork/api/handlers.go:1773.36,1777.4 2 0
gonetwork/api/handlers.go:1778.3,1778.59 1 0
gonetwork/api/handlers.go:1778.59,1782.4 2 0
gonetwork/api/handlers.go:1786.2,1786.29 1 0
gonetwork/api/handlers.go:1786.29,1790.17 2 0
gonetwork/api/handlers.go:1790.17,1793.4 2 0
gonetwork/api/handlers.go:1794.3,1794.67 1 0
gonetwork/api/handlers.go:1794.67,1797.4 2 0
gonetwork/api/handlers.go:1798.3,1798.66 1 0
gonetwork/api/handlers.go:1798.66,1820.4 3 0
gonetwork/api/handlers.go:1828.2,1829.50 2 0
gonetwork/api/handlers.go:1829.50,1831.3 1 0
gonetwork/api/handlers.go:1831.8,1837.3 1 0
gonetwork/api/handlers.go:1840.2,1841.84 2 0
gonetwork/api/handlers.go:1841.84,1843.3 1 0
gonetwork/api/handlers.go:1846.2,1881.4 8 0
gonetwork/api/handlers.go:1886.76,1891.39 4 0
gonetwork/api/handlers.go:1891.39,1892.53 1 0
gonetwork/api/handlers.go:1892.53,1893.23 1 0
gonetwork/api/handlers.go:1893.23,1895.10 2 0
gonetwork/api/handlers.go:1898.3,1898.19 1 0
gonetwork/api/handlers.go:1898.19,1899.9 1 0
gonetwork/api/handlers.go:1902.2,1902.18 1 0
gonetwork/api/handlers.go:1902.18,1905.3 2 0
gonetwork/api/handlers.go:1907.2,1908.9 2 0
gonetwork/api/handlers.go:1908.9,1911.3 2 0
gonetwork/api/handlers.go:1912.2,1912.31 1 0
gonetwork/api/handlers.go:1912.31,1915.3 2 0
gonetwork/api/handlers.go:1916.2,1916.47 1 0
gonetwork/api/handlers.go:1916.47,1919.3 2 0
gonetwork/api/handlers.go:1921.2,1933.4 4 0
gonetwork/api/handlers.go:1943.76,1946.9 3 0
gonetwork/api/handlers.go:1946.9,1949.3 2 0
gonetwork/api/handlers.go:1950.2,1956.34 3 0
gonetwork/api/handlers.go:1956.34,1957.27 1 0
gonetwork/api/handlers.go:1957.27,1958.12 1 0
gonetwork/api/handlers.go:1960.3,1961.28 2 0
gonetwork/api/handlers.go:1961.28,1963.4 1 0
gonetwork/api/handlers.go:1964.3,1968.5 1 0
gonetwork/api/handlers.go:1970.2,1970.17 1 0
gonetwork/api/handlers.go:1970.17,1972.3 1 0
gonetwork/api/handlers.go:1973.2,1977.4 1 0
gonetwork/api/handlers.go:1986.85,1989.31 3 0
gonetwork/api/handlers.go:1989.31,1990.50 1 0
gonetwork/api/handlers.go:1990.50,1991.55 1 0
gonetwork/api/handlers.go:1991.55,1992.13 1 0
gonetwork/api/handlers.go:1994.4,1994.26 1 0
gonetwork/api/handlers.go:1997.2,1997.16 1 0
gonetwork/api/handlers.go:1997.16,1999.3 1 0
gonetwork/api/handlers.go:2000.2,2000.34 1 0
gonetwork/api/handlers.go:2006.88,2007.31 1 0
gonetwork/api/handlers.go:2007.31,2010.3 2 0
gonetwork/api/handlers.go:2011.2,2019.61 3 0
gonetwork/api/handlers.go:2019.61,2022.3 2 0
gonetwork/api/handlers.go:2023.2,2023.64 1 0
gonetwork/api/handlers.go:2023.64,2026.3 2 0
gonetwork/api/handlers.go:2027.2,2027.33 1 0
gonetwork/api/handlers.go:2027.33,2030.3 2 0
gonetwork/api/handlers.go:2031.2,2041.63 2 0
gonetwork/api/handlers.go:2041.63,2044.3 2 0
gonetwork/api/handlers.go:2045.2,2045.39 1 0
gonetwork/api/handlers.go:2055.85,2058.50 3 0
gonetwork/api/handlers.go:2058.50,2059.53 1 0
gonetwork/api/handlers.go:2059.53,2060.12 1 0
gonetwork/api/handlers.go:2062.3,2062.24 1 0
gonetwork/api/handlers.go:2064.2,2064.16 1 0
gonetwork/api/handlers.go:2064.16,2066.3 1 0
gonetwork/api/handlers.go:2067.2,2067.34 1 0
gonetwork/api/handlers.go:2073.87,2081.61 3 0
gonetwork/api/handlers.go:2081.61,2084.3 2 0
gonetwork/api/handlers.go:2085.2,2085.47 1 0
gonetwork/api/handlers.go:2085.47,2088.3 2 0
gonetwork/api/handlers.go:2089.2,2099.38 4 0
gonetwork/api/handlers.go:2109.82,2112.32 3 0
gonetwork/api/handlers.go:2112.32,2113.64 1 0
gonetwork/api/handlers.go:2113.64,2115.4 1 0
gonetwork/api/handlers.go:2117.2,2117.16 1 0
gonetwork/api/handlers.go:2117.16,2119.3 1 0
gonetwork/api/handlers.go:2120.2,2120.34 1 0
gonetwork/api/handlers.go:2126.77,2135.61 4 0
gonetwork/api/handlers.go:2135.61,2138.3 2 0
gonetwork/api/handlers.go:2141.2,2142.29 2 0
gonetwork/api/handlers.go:2142.29,2143.35 1 0
gonetwork/api/handlers.go:2143.35,2145.9 2 0
gonetwork/api/handlers.go:2148.2,2148.18 1 0
gonetwork/api/handlers.go:2148.18,2151.3 2 0
gonetwork/api/handlers.go:2152.2,2152.33 1 0
gonetwork/api/handlers.go:2152.33,2155.3 2 0
gonetwork/api/handlers.go:2158.2,2159.16 2 0
gonetwork/api/handlers.go:2159.16,2162.3 2 0
gonetwork/api/handlers.go:2163.2,2164.16 2 0
gonetwork/api/handlers.go:2164.16,2167.17 2 0
gonetwork/api/handlers.go:2167.17,2170.4 2 0
gonetwork/api/handlers.go:2172.2,2174.61 3 0
gonetwork/api/handlers.go:2174.61,2177.3 2 0
gonetwork/api/handlers.go:2179.2,2180.18 2 0
gonetwork/api/handlers.go:2180.18,2182.3 1 0
gonetwork/api/handlers.go:2183.2,2184.87 2 0
gonetwork/api/handlers.go:2193.72,2196.32 3 0
gonetwork/api/handlers.go:2196.32,2197.35 1 0
gonetwork/api/handlers.go:2197.35,2199.4 1 0
gonetwork/api/handlers.go:2201.2,2201.34 1 0
gonetwork/api/handlers.go:2207.74,2217.16 4 0
gonetwork/api/handlers.go:2217.16,2220.3 2 0
gonetwork/api/handlers.go:2221.2,2221.51 1 0
gonetwork/api/handlers.go:2221.51,2224.3 2 0
gonetwork/api/handlers.go:2226.2,2228.56 2 0
gonetwork/api/handlers.go:2228.56,2233.76 2 0
gonetwork/api/handlers.go:2233.76,2236.4 2 0
gonetwork/api/handlers.go:2237.3,2238.17 2 0
gonetwork/api/handlers.go:2238.17,2241.4 2 0
gonetwork/api/handlers.go:2242.3,2242.45 1 0
gonetwork/api/handlers.go:2242.45,2245.4 2 0
gonetwork/api/handlers.go:2246.3,2246.22 1 0
gonetwork/api/handlers.go:2247.8,2256.55 2 0
gonetwork/api/handlers.go:2256.55,2259.4 2 0
gonetwork/api/handlers.go:2260.3,2262.30 1 0
gonetwork/api/handlers.go:2262.30,2265.4 2 0
gonetwork/api/handlers.go:2266.3,2276.113 2 0
gonetwork/api/handlers.go:2279.2,2279.44 1 0
gonetwork/api/handlers.go:2279.44,2282.3 2 0
gonetwork/api/handlers.go:2283.2,2284.39 2 0
gonetwork/api/handlers.go:2290.77,2298.16 5 0
gonetwork/api/handlers.go:2298.16,2301.3 2 0
gonetwork/api/handlers.go:2302.2,2302.51 1 0
gonetwork/api/handlers.go:2302.51,2305.3 2 0
gonetwork/api/handlers.go:2306.2,2306.25 1 0
gonetwork/api/handlers.go:2306.25,2309.3 2 0
gonetwork/api/handlers.go:2311.2,2312.9 2 0
gonetwork/api/handlers.go:2312.9,2315.3 2 0
gonetwork/api/handlers.go:2316.2,2316.34 1 0
gonetwork/api/handlers.go:2316.34,2319.3 2 0
gonetwork/api/handlers.go:2321.2,2322.16 2 0
gonetwork/api/handlers.go:2322.16,2325.3 2 0
gonetwork/api/handlers.go:2326.2,2326.43 1 0
gonetwork/api/handlers.go:2326.43,2329.3 2 0
gonetwork/api/handlers.go:2330.2,2330.55 1 0
gonetwork/api/handlers.go:2330.55,2333.3 2 0
gonetwork/api/handlers.go:2335.2,2337.34 3 0
gonetwork/api/handlers.go:2350.82,2355.9 4 0
gonetwork/api/handlers.go:2355.9,2358.3 2 0
gonetwork/api/handlers.go:2359.2,2359.31 1 0
gonetwork/api/handlers.go:2359.31,2362.3 2 0
gonetwork/api/handlers.go:2363.2,2363.61 1 0
gonetwork/api/handlers.go:2363.61,2366.3 2 0
gonetwork/api/handlers.go:2368.2,2374.61 2 0
gonetwork/api/handlers.go:2374.61,2377.3 2 0
gonetwork/api/handlers.go:2378.2,2378.21 1 0
gonetwork/api/handlers.go:2378.21,2381.3 2 0
gonetwork/api/handlers.go:2382.2,2382.39 1 0
gonetwork/api/handlers.go:2382.39,2384.3 1 0
gonetwork/api/handlers.go:2386.2,2393.38 3 0
gonetwork/api/handlers.go:2400.77,2403.9 3 0
gonetwork/api/handlers.go:2403.9,2406.3 2 0
gonetwork/api/handlers.go:2407.2,2407.33 1 0
gonetwork/api/handlers.go:2419.82,2427.61 2 0
gonetwork/api/handlers.go:2427.61,2430.3 2 0
gonetwork/api/handlers.go:2431.2,2431.46 1 0
gonetwork/api/handlers.go:2431.46,2434.3 2 0
gonetwork/api/handlers.go:2436.2,2450.38 5 0
gonetwork/api/handlers.go:2457.79,2462.9 5 0
gonetwork/api/handlers.go:2462.9,2465.3 2 0
gonetwork/api/handlers.go:2466.2,2466.33 1 0
gonetwork/api/handlers.go:2481.85,2486.9 4 0
gonetwork/api/handlers.go:2486.9,2489.3 2 0
gonetwork/api/handlers.go:2490.2,2490.31 1 0
gonetwork/api/handlers.go:2490.31,2493.3 2 0
gonetwork/api/handlers.go:2495.2,2502.61 2 0
gonetwork/api/handlers.go:2502.61,2505.3 2 0
gonetwork/api/handlers.go:2506.2,2506.55 1 0
gonetwork/api/handlers.go:2506.55,2509.3 2 0
gonetwork/api/handlers.go:2510.2,2510.43 1 0
gonetwork/api/handlers.go:2510.43,2513.3 2 0
gonetwork/api/handlers.go:2514.2,2514.31 1 0
gonetwork/api/handlers.go:2514.31,2517.3 2 0
gonetwork/api/handlers.go:2519.2,2520.16 2 0
gonetwork/api/handlers.go:2520.16,2522.17 2 0
gonetwork/api/handlers.go:2522.17,2525.4 2 0
gonetwork/api/handlers.go:2529.2,2546.52 8 0
gonetwork/api/handlers.go:2546.52,2548.17 2 0
gonetwork/api/handlers.go:2548.17,2550.18 2 0
gonetwork/api/handlers.go:2550.18,2553.5 2 0
gonetwork/api/handlers.go:2555.3,2556.38 2 0
gonetwork/api/handlers.go:2559.2,2564.16 1 0
gonetwork/api/handlers.go:2564.16,2567.3 2 0
gonetwork/api/handlers.go:2569.2,2577.45 3 0
gonetwork/api/handlers.go:2583.83,2587.9 3 0
gonetwork/api/handlers.go:2587.9,2590.3 2 0
gonetwork/api/handlers.go:2592.2,2593.23 2 0
gonetwork/api/handlers.go:2593.23,2595.3 1 0
gonetwork/api/handlers.go:2597.2,2603.4 1 0
gonetwork/api/handlers.go:2619.81,2624.9 4 0
gonetwork/api/handlers.go:2624.9,2627.3 2 0
gonetwork/api/handlers.go:2628.2,2628.61 1 0
gonetwork/api/handlers.go:2628.61,2631.3 2 0
gonetwork/api/handlers.go:2632.2,2632.33 1 0
gonetwork/api/handlers.go:2632.33,2635.3 2 0
gonetwork/api/handlers.go:2637.2,2641.61 2 0
gonetwork/api/handlers.go:2641.61,2644.3 2 0
gonetwork/api/handlers.go:2645.2,2645.21 1 0
gonetwork/api/handlers.go:2645.21,2648.3 2 0
gonetwork/api/handlers.go:2649.2,2649.30 1 0
gonetwork/api/handlers.go:2649.30,2652.3 2 0
gonetwork/api/handlers.go:2654.2,2655.9 2 0
gonetwork/api/handlers.go:2655.9,2658.3 2 0
gonetwork/api/handlers.go:2659.2,2659.34 1 0
gonetwork/api/handlers.go:2659.34,2662.3 2 0
gonetwork/api/handlers.go:2664.2,2665.16 2 0
gonetwork/api/handlers.go:2665.16,2667.17 2 0
gonetwork/api/handlers.go:2667.17,2670.4 2 0
gonetwork/api/handlers.go:2674.2,2675.16 2 0
gonetwork/api/handlers.go:2675.16,2678.3 2 0
gonetwork/api/handlers.go:2679.2,2679.74 1 0
gonetwork/api/handlers.go:2679.74,2682.3 2 0
gonetwork/api/handlers.go:2685.2,2704.4 6 0
gonetwork/api/handlers.go:2714.73,2716.39 2 0
gonetwork/api/handlers.go:2716.39,2718.3 1 0
gonetwork/api/handlers.go:2719.2,2722.4 1 0
gonetwork/api/handlers.go:2728.75,2733.9 4 0
gonetwork/api/handlers.go:2733.9,2736.3 2 0
gonetwork/api/handlers.go:2737.2,2737.46 1 0
gonetwork/api/handlers.go:2737.46,2740.3 2 0
gonetwork/api/handlers.go:2742.2,2746.61 2 0
gonetwork/api/handlers.go:2746.61,2749.3 2 0
gonetwork/api/handlers.go:2750.2,2750.20 1 0
gonetwork/api/handlers.go:2751.14,2752.40 1 0
gonetwork/api/handlers.go:2753.17,2754.44 1 0
gonetwork/api/handlers.go:2755.10,2757.9 2 0
gonetwork/api/handlers.go:2759.2,2763.34 4 0
gonetwork/api/handlers.go:2773.86,2778.45 4 0
gonetwork/api/handlers.go:2778.45,2779.63 1 0
gonetwork/api/handlers.go:2779.63,2780.12 1 0
gonetwork/api/handlers.go:2782.3,2782.54 1 0
gonetwork/api/handlers.go:2782.54,2783.12 1 0
gonetwork/api/handlers.go:2785.3,2785.25 1 0
gonetwork/api/handlers.go:2787.2,2787.16 1 0
gonetwork/api/handlers.go:2787.16,2789.3 1 0
gonetwork/api/handlers.go:2790.2,2793.4 1 0
gonetwork/api/handlers.go:2798.84,2801.9 3 0
gonetwork/api/handlers.go:2801.9,2804.3 2 0
gonetwork/api/handlers.go:2805.2,2805.35 1 0
gonetwork/api/handlers.go:2810.87,2812.62 2 0
gonetwork/api/handlers.go:2812.62,2815.3 2 0
gonetwork/api/handlers.go:2816.2,2816.32 1 0
gonetwork/api/handlers.go:2816.32,2819.3 2 0
gonetwork/api/handlers.go:2820.2,2821.36 2 0
gonetwork/api/handlers.go:2831.77,2833.40 2 0
gonetwork/api/handlers.go:2833.40,2836.3 2 0
gonetwork/api/handlers.go:2837.2,2838.17 2 0
gonetwork/api/handlers.go:2838.17,2841.3 2 0
gonetwork/api/handlers.go:2842.2,2847.4 2 0
gonetwork/api/handlers.go:2854.75,2858.40 3 0
gonetwork/api/handlers.go:2858.40,2861.3 2 0
gonetwork/api/handlers.go:2863.2,2870.61 3 0
gonetwork/api/handlers.go:2870.61,2873.3 2 0
gonetwork/api/handlers.go:2874.2,2874.42 1 0
gonetwork/api/handlers.go:2874.42,2877.3 2 0
gonetwork/api/handlers.go:2878.2,2878.22 1 0
gonetwork/api/handlers.go:2878.22,2881.3 2 0
gonetwork/api/handlers.go:2883.2,2895.17 3 0
gonetwork/api/handlers.go:2895.17,2898.3 2 0
gonetwork/api/handlers.go:2899.2,2901.42 2 0
gonetwork/api/handlers.go:2907.78,2912.17 4 0
gonetwork/api/handlers.go:2912.17,2915.3 2 0
gonetwork/api/handlers.go:2916.2,2916.47 1 0
gonetwork/api/handlers.go:2916.47,2919.3 2 0
gonetwork/api/handlers.go:2920.2,2920.92 1 0
gonetwork/api/handlers.go:2930.74,2932.41 2 0
gonetwork/api/handlers.go:2932.41,2934.3 1 0
gonetwork/api/handlers.go:2935.2,2938.4 1 0
gonetwork/api/handlers.go:2945.76,2950.9 4 0
gonetwork/api/handlers.go:2950.9,2953.3 2 0
gonetwork/api/handlers.go:2954.2,2954.62 1 0
gonetwork/api/handlers.go:2954.62,2957.3 2 0
gonetwork/api/handlers.go:2959.2,2964.61 3 0
gonetwork/api/handlers.go:2964.61,2967.3 2 0
gonetwork/api/handlers.go:2968.2,2968.20 1 0
gonetwork/api/handlers.go:2969.14,2971.27 2 0
gonetwork/api/handlers.go:2972.17,2973.54 1 0
gonetwork/api/handlers.go:2974.10,2976.9 2 0
gonetwork/api/handlers.go:2978.2,2981.35 3 0
gonetwork/api/handlers.go:2992.81,2995.27 3 0
gonetwork/api/handlers.go:2995.27,2998.3 2 0
gonetwork/api/handlers.go:3000.2,3001.24 2 0
gonetwork/api/handlers.go:3001.24,3004.3 2 0
gonetwork/api/handlers.go:3005.2,3014.4 2 0
gonetwork/api/handlers.go:3024.85,3026.21 2 0
gonetwork/api/handlers.go:3026.21,3029.3 2 0
gonetwork/api/handlers.go:3031.2,3034.62 2 0
gonetwork/api/handlers.go:3034.62,3037.3 2 0
gonetwork/api/handlers.go:3038.2,3038.27 1 0
gonetwork/api/handlers.go:3038.27,3040.3 1 0
gonetwork/api/handlers.go:3042.2,3046.4 2 0
gonetwork/api/middleware.go:27.43,29.15 2 0
gonetwork/api/middleware.go:29.15,31.3 1 0
gonetwork/api/middleware.go:32.2,33.44 2 0
gonetwork/api/middleware.go:33.44,35.14 2 0
gonetwork/api/middleware.go:35.14,37.4 1 0
gonetwork/api/middleware.go:39.2,39.12 1 0
gonetwork/api/middleware.go:52.53,53.71 1 0
gonetwork/api/middleware.go:53.71,63.39 7 0
gonetwork/api/middleware.go:63.39,68.4 4 0
gonetwork/api/middleware.go:69.3,69.37 1 0
gonetwork/api/middleware.go:69.37,72.4 2 0
gonetwork/api/middleware.go:73.3,73.23 1 0
gonetwork/api/middleware.go:89.36,92.56 3 0
gonetwork/api/middleware.go:92.56,93.53 1 0
gonetwork/api/middleware.go:93.53,95.4 1 0
gonetwork/api/middleware.go:97.2,97.57 1 0
gonetwork/api/middleware.go:97.57,98.53 1 0
gonetwork/api/middleware.go:98.53,100.4 1 0
gonetwork/api/middleware.go:102.2,106.3 1 0
gonetwork/api/middleware.go:110.34,113.2 1 0
gonetwork/api/middleware.go:116.54,126.23 7 0
gonetwork/api/middleware.go:126.23,127.23 1 0
gonetwork/api/middleware.go:127.23,129.4 1 0
gonetwork/api/middleware.go:131.2,134.21 3 0
gonetwork/api/middleware.go:134.21,136.3 1 0
gonetwork/api/middleware.go:137.2,137.24 1 0
gonetwork/api/middleware.go:137.24,139.3 1 0
gonetwork/api/middleware.go:140.2,141.13 2 0
gonetwork/api/middleware.go:146.58,150.33 4 0
gonetwork/api/middleware.go:150.33,151.45 1 0
gonetwork/api/middleware.go:151.45,153.4 1 0
gonetwork/api/middleware.go:170.62,171.71 1 0
gonetwork/api/middleware.go:171.71,173.17 2 0
gonetwork/api/middleware.go:173.17,175.4 1 0
gonetwork/api/middleware.go:176.3,176.43 1 0
gonetwork/api/middleware.go:176.43,180.4 3 0
gonetwork/api/middleware.go:181.3,181.23 1 0
gonetwork/api/middleware.go:188.58,189.71 1 0
gonetwork/api/middleware.go:189.71,191.17 2 0
gonetwork/api/middleware.go:191.17,193.4 1 0
gonetwork/api/middleware.go:194.3,194.45 1 0
gonetwork/api/middleware.go:194.45,198.4 3 0
gonetwork/api/middleware.go:199.3,199.23 1 0
gonetwork/api/middleware.go:204.69,208.2 3 0
gonetwork/api/middleware.go:219.80,220.46 1 0
gonetwork/api/middleware.go:220.46,221.72 1 0
gonetwork/api/middleware.go:221.72,224.26 3 0
gonetwork/api/middleware.go:224.26,227.5 2 0
gonetwork/api/middleware.go:228.4,229.18 2 0
gonetwork/api/middleware.go:229.18,232.5 2 0
gonetwork/api/middleware.go:233.4,234.41 2 0
gonetwork/api/middleware.go:249.51,252.2 2 0
gonetwork/api/middleware.go:256.75,258.9 2 0
gonetwork/api/middleware.go:258.9,260.3 1 0
gonetwork/api/middleware.go:261.2,261.19 1 0
gonetwork/api/middleware.go:265.56,266.71 1 0
gonetwork/api/middleware.go:266.71,272.3 4 0
gonetwork/api/server.go:87.69,90.58 2 0
gonetwork/api/server.go:90.58,92.39 2 0
gonetwork/api/server.go:92.39,93.79 1 0
gonetwork/api/server.go:95.3,95.19 1 0
gonetwork/api/server.go:96.8,96.48 1 0
gonetwork/api/server.go:96.48,97.65 1 0
gonetwork/api/server.go:98.8,101.46 3 0
gonetwork/api/server.go:101.46,102.63 1 0
gonetwork/api/server.go:107.2,108.82 2 0
gonetwork/api/server.go:108.82,110.14 2 0
gonetwork/api/server.go:110.14,112.4 1 0
gonetwork/api/server.go:114.2,114.64 1 0
gonetwork/api/server.go:114.64,115.72 1 0
gonetwork/api/server.go:118.2,131.10 3 0
gonetwork/api/server.go:136.32,138.41 1 0
gonetwork/api/server.go:138.41,139.34 1 0
gonetwork/api/server.go:140.35,141.94 1 0
gonetwork/api/server.go:143.3,143.38 1 0
gonetwork/api/server.go:144.39,145.93 1 0
gonetwork/api/server.go:147.3,147.39 1 0
gonetwork/api/server.go:148.40,149.98 1 0
gonetwork/api/server.go:152.2,155.54 4 0
gonetwork/api/server.go:159.40,288.2 72 0
gonetwork/api/server.go:311.30,313.2 1 0
gonetwork/api/server.go:317.39,319.40 2 0
gonetwork/api/server.go:319.40,321.3 1 0
gonetwork/api/server.go:322.2,322.60 1 0
gonetwork/api/server.go:325.61,327.2 1 0
gonetwork/api/server.go:338.19,354.16 4 0
gonetwork/api/server.go:354.16,356.3 1 0
gonetwork/api/server.go:357.2,360.51 4 0
gonetwork/api/server.go:364.70,366.40 2 0
gonetwork/api/server.go:366.40,368.3 1 0
gonetwork/api/server.go:369.2,374.36 5 0
gonetwork/api/server.go:374.36,375.24 1 0
gonetwork/api/server.go:375.24,377.4 1 0
gonetwork/api/server.go:379.2,383.19 2 0
gonetwork/api/server.go:388.67,392.9 4 0
gonetwork/api/server.go:392.9,394.3 1 0
gonetwork/api/server.go:395.2,396.45 2 0
gonetwork/api/server.go:396.45,398.3 1 0
gonetwork/api/server.go:399.2,399.28 1 0
gonetwork/api/server.go:403.58,405.21 2 0
gonetwork/api/server.go:405.21,407.3 1 0
gonetwork/api/server.go:408.2,412.56 5 0
gonetwork/api/server.go:412.56,414.3 1 0
gonetwork/api/server.go:415.2,416.16 2 0
gonetwork/api/server.go:416.16,418.3 1 0
gonetwork/api/server.go:419.2,420.57 2 0
gonetwork/api/server.go:420.57,422.3 1 0
gonetwork/api/server.go:423.2,423.42 1 0
gonetwork/api/server.go:423.42,425.3 1 0
gonetwork/api/server.go:426.2,426.36 1 0
gonetwork/api/server.go:426.36,428.3 1 0
gonetwork/api/server.go:429.2,429.32 1 0
gonetwork/api/server.go:429.32,431.3 1 0
gonetwork/api/server.go:432.2,432.24 1 0
gonetwork/api/server.go:438.59,439.77 1 0
gonetwork/api/server.go:439.77,440.33 1 0
gonetwork/api/server.go:440.33,442.37 2 0
gonetwork/api/server.go:442.37,445.5 2 0
gonetwork/api/server.go:447.3,447.23 1 0
gonetwork/api/server.go:453.54,454.71 1 0
gonetwork/api/server.go:454.71,457.25 3 0
gonetwork/api/server.go:457.25,460.4 2 0
gonetwork/api/server.go:461.3,462.17 2 0
gonetwork/api/server.go:462.17,465.4 2 0
gonetwork/api/server.go:466.3,467.40 2 0
gonetwork/api/server.go:475.44,478.2 2 0
gonetwork/api/server.go:484.44,490.33 5 0
gonetwork/api/server.go:490.33,491.24 1 0
gonetwork/api/server.go:491.24,493.4 1 0
gonetwork/api/server.go:497.51,501.9 4 0
gonetwork/api/server.go:501.9,503.3 1 0
gonetwork/api/server.go:504.2,505.49 2 0
gonetwork/api/server.go:512.58,516.2 3 0
gonetwork/api/server.go:518.64,520.2 1 0
gonetwork/api/server.go:523.37,525.40 2 0
gonetwork/api/server.go:525.40,527.3 1 0
gonetwork/api/server.go:528.2,528.35 1 0
gonetwork/api/stream.go:51.42,54.3 1 0
gonetwork/api/stream.go:70.20,72.2 1 0
gonetwork/api/stream.go:74.37,78.2 3 0
gonetwork/api/stream.go:80.39,85.2 4 0
gonetwork/api/stream.go:88.54,90.16 2 0
gonetwork/api/stream.go:90.16,92.3 1 0
gonetwork/api/stream.go:93.2,95.27 3 0
gonetwork/api/stream.go:95.27,96.53 1 0
gonetwork/api/stream.go:96.53,97.12 1 0
gonetwork/api/stream.go:99.3,99.10 1 0
gonetwork/api/stream.go:100.23,100.23 0 0
gonetwork/api/stream.go:101.11,101.11 0 0
gonetwork/api/stream.go:109.34,110.33 1 0
gonetwork/api/stream.go:110.33,112.3 1 0
gonetwork/api/stream.go:123.71,127.17 2 0
gonetwork/api/stream.go:127.17,130.46 3 0
gonetwork/api/stream.go:130.46,132.4 1 0
gonetwork/api/stream.go:135.2,136.35 2 0
gonetwork/api/stream.go:136.35,139.3 2 0
gonetwork/api/stream.go:141.2,142.16 2 0
gonetwork/api/stream.go:142.16,145.3 2 0
gonetwork/api/stream.go:147.2,156.12 5 0
gonetwork/api/stream.go:156.12,158.32 2 0
gonetwork/api/stream.go:158.32,160.72 2 0
gonetwork/api/stream.go:160.72,162.5 1 0
gonetwork/api/stream.go:167.2,169.41 3 0
gonetwork/api/stream.go:169.41,172.3 2 0
gonetwork/api/stream.go:173.2,173.6 1 0
gonetwork/api/stream.go:173.6,175.17 2 0
gonetwork/api/stream.go:175.17,176.9 1 0
gonetwork/api/stream.go:178.3,181.65 2 0
gonetwork/api/stream.go:181.65,183.36 2 0
gonetwork/api/stream.go:183.36,185.5 1 0
gonetwork/api/stream.go:186.4,186.29 1 0
gonetwork/api/stream.go:188.3,188.57 1 0
gonetwork/api/stream.go:190.2,190.8 1 0
gonetwork/api/stream.go:195.49,196.56 1 0
gonetwork/api/stream.go:196.56,198.3 1 0
gonetwork/api/stream.go:199.2,199.17 1 0
gonetwork/api/stream.go:203.30,206.21 3 0
gonetwork/api/stream.go:206.21,208.34 2 0
gonetwork/api/stream.go:208.34,210.74 2 0
gonetwork/api/stream.go:210.75,212.5 0 0
gonetwork/api/stream.go:214.3,214.23 1 0
gonetwork/api/stream.go:221.31,224.21 3 0
gonetwork/api/stream.go:224.21,228.34 3 0
gonetwork/api/stream.go:228.34,229.25 1 0
gonetwork/api/stream.go:229.25,231.5 1 0
gonetwork/api/stream.go:233.3,236.37 3 0
gonetwork/api/stream.go:236.37,237.25 1 0
gonetwork/api/stream.go:237.25,239.5 1 0
gonetwork/api/stream.go:241.3,245.39 3 0
gonetwork/api/stream.go:265.75,267.16 2 0
gonetwork/api/stream.go:267.16,270.3 2 0
gonetwork/api/stream.go:273.2,274.18 2 0
gonetwork/api/stream.go:274.18,279.54 5 0
gonetwork/api/stream.go:279.54,282.4 2 0
gonetwork/api/stream.go:289.2,300.55 2 0
gonetwork/api/stream.go:300.55,303.3 2 0
gonetwork/api/stream.go:306.2,308.44 1 0
gonetwork/api/stream.go:308.44,311.3 2 0
gonetwork/api/stream.go:314.2,315.50 2 0
gonetwork/api/stream.go:315.50,317.12 2 0
gonetwork/api/stream.go:317.12,319.9 2 0
gonetwork/api/stream.go:323.2,323.50 1 0
gonetwork/api/stream.go:323.50,327.3 2 0
gonetwork/api/stream.go:329.2,330.16 2 0
gonetwork/api/stream.go:330.16,336.3 3 0
gonetwork/api/stream.go:339.2,355.30 5 0
gonetwork/aml.go:94.44,99.2 1 1
gonetwork/aml.go:102.69,106.2 3 1
gonetwork/aml.go:109.68,113.2 3 1
gonetwork/aml.go:123.22,139.61 6 1
gonetwork/aml.go:139.61,146.3 1 1
gonetwork/aml.go:149.2,149.63 1 1
gonetwork/aml.go:149.63,156.3 1 1
gonetwork/aml.go:159.2,159.61 1 1
gonetwork/aml.go:159.61,166.3 1 1
gonetwork/aml.go:169.2,169.63 1 1
gonetwork/aml.go:169.63,176.3 1 1
gonetwork/aml.go:178.2,178.17 1 1
gonetwork/aml.go:248.3,249.32 1 1
gonetwork/aml.go:249.32,250.39 1 1
gonetwork/aml.go:250.39,251.12 1 0
gonetwork/aml.go:253.3,253.67 1 1
gonetwork/aml.go:253.67,255.18 2 1
gonetwork/aml.go:255.18,256.13 1 0
gonetwork/aml.go:258.4,259.46 2 1
gonetwork/aml.go:259.46,268.5 1 1
gonetwork/aml_rules.go:37.46,38.9 1 0
gonetwork/aml_rules.go:39.30,40.51 1 0
gonetwork/aml_rules.go:41.33,42.54 1 0
gonetwork/aml_rules.go:43.31,44.52 1 0
gonetwork/aml_rules.go:45.34,46.55 1 0
gonetwork/aml_rules.go:48.2,48.12 1 0
gonetwork/aml_rules.go:87.41,98.2 1 0
gonetwork/aml_rules.go:102.60,104.32 2 0
gonetwork/aml_rules.go:104.32,106.19 2 0
gonetwork/aml_rules.go:106.19,107.12 1 0
gonetwork/aml_rules.go:109.3,109.41 1 0
gonetwork/aml_rules.go:109.41,111.4 1 0
gonetwork/aml_rules.go:112.3,112.23 1 0
gonetwork/aml_rules.go:112.23,114.4 1 0
gonetwork/aml_rules.go:116.2,116.18 1 0
gonetwork/aml_rules.go:125.41,129.45 1 0
gonetwork/aml_rules.go:129.45,130.11 1 0
gonetwork/aml_rules.go:131.31,137.6 1 0
gonetwork/aml_rules.go:138.30,144.6 1 0
gonetwork/aml_rules.go:146.4,146.14 1 0
gonetwork/aml_rules.go:157.49,161.45 1 0
gonetwork/aml_rules.go:161.45,164.39 3 0
gonetwork/aml_rules.go:164.39,166.29 1 0
gonetwork/aml_rules.go:166.29,168.6 1 0
gonetwork/aml_rules.go:170.4,170.18 1 0
gonetwork/aml_rules.go:170.18,177.5 1 0
gonetwork/aml_rules.go:178.4,178.14 1 0
gonetwork/aml_rules.go:189.47,193.45 1 0
gonetwork/aml_rules.go:193.45,197.46 1 0
gonetwork/aml_rules.go:197.46,204.5 1 0
gonetwork/aml_rules.go:205.4,205.14 1 0
gonetwork/aml_rules.go:216.37,220.45 1 0
gonetwork/aml_rules.go:220.45,221.63 1 0
gonetwork/aml_rules.go:221.63,228.5 1 0
gonetwork/aml_rules.go:229.4,229.14 1 0
gonetwork/aml_rules.go:240.43,244.45 1 0
gonetwork/aml_rules.go:244.45,247.39 3 0
gonetwork/aml_rules.go:247.39,248.62 1 0
gonetwork/aml_rules.go:248.62,250.6 1 0
gonetwork/aml_rules.go:252.4,253.23 2 0
gonetwork/aml_rules.go:253.23,260.5 1 0
gonetwork/aml_rules.go:261.4,261.14 1 0
gonetwork/aml_rules.go:284.49,288.45 1 0
gonetwork/aml_rules.go:288.45,294.4 2 0
gonetwork/aml_rules.go:308.75,309.12 1 0
gonetwork/aml_rules.go:309.12,312.22 3 0
gonetwork/aml_rules.go:312.22,314.4 1 0
gonetwork/aml_rules.go:319.41,322.40 3 0
gonetwork/aml_rules.go:322.40,325.33 2 0
gonetwork/aml_rules.go:325.33,326.12 1 0
gonetwork/aml_rules.go:328.3,328.78 1 0
gonetwork/aml_rules.go:328.78,329.12 1 0
gonetwork/aml_rules.go:331.3,332.49 2 0
gonetwork/aml_rules.go:332.49,333.12 1 0
gonetwork/aml_rules.go:335.3,350.5 2 0
gonetwork/aml_rules.go:357.94,358.25 1 0
gonetwork/aml_rules.go:358.25,360.3 1 0
gonetwork/aml_rules.go:361.2,361.55 1 0
gonetwork/aml_rules.go:361.55,363.3 1 0
gonetwork/aml_rules.go:364.2,364.20 1 0
gonetwork/aml_rules.go:364.20,371.3 1 0
gonetwork/aml_rules.go:372.2,377.3 1 0
gonetwork/assets.go:129.50,131.2 1 1
gonetwork/assets.go:137.38,138.16 1 0
gonetwork/assets.go:138.16,140.3 1 0
gonetwork/assets.go:141.2,141.21 1 0
gonetwork/assets.go:141.21,143.3 1 0
gonetwork/assets.go:144.2,144.25 1 0
gonetwork/assets.go:144.25,145.10 1 0
gonetwork/assets.go:146.14,147.26 1 0
gonetwork/assets.go:147.26,149.5 1 0
gonetwork/assets.go:150.11,151.59 1 0
gonetwork/assets.go:151.59,153.5 1 0
gonetwork/assets.go:160.2,161.25 2 0
gonetwork/assets.go:161.25,162.27 1 0
gonetwork/assets.go:162.27,165.4 2 0
gonetwork/assets.go:165.9,167.4 1 0
gonetwork/assets.go:170.2,172.40 3 0
gonetwork/assets.go:172.40,174.13 2 0
gonetwork/assets.go:174.13,176.13 2 0
gonetwork/assets.go:176.13,178.5 1 0
gonetwork/assets.go:180.3,181.19 2 0
gonetwork/assets.go:183.2,183.17 1 0
gonetwork/assets.go:183.17,185.3 1 0
gonetwork/assets.go:186.2,186.12 1 0
gonetwork/assets.go:199.19,200.22 1 1
gonetwork/assets.go:200.22,202.3 1 1
gonetwork/assets.go:203.2,203.22 1 1
gonetwork/assets.go:203.22,205.3 1 1
gonetwork/assets.go:206.2,206.20 1 1
gonetwork/assets.go:206.20,208.3 1 1
gonetwork/assets.go:210.2,230.16 6 1
gonetwork/assets.go:230.16,232.3 1 0
gonetwork/assets.go:233.2,236.15 3 1
gonetwork/assets.go:248.69,253.16 5 1
gonetwork/assets.go:253.16,255.3 1 0
gonetwork/assets.go:256.2,258.42 3 1
gonetwork/assets.go:263.40,267.2 3 1
gonetwork/assets.go:277.30,278.22 1 1
gonetwork/assets.go:278.22,280.3 1 1
gonetwork/assets.go:281.2,281.27 1 1
gonetwork/assets.go:281.27,283.3 1 1
gonetwork/assets.go:284.2,284.19 1 1
gonetwork/assets.go:284.19,286.3 1 0
gonetwork/assets.go:287.2,287.19 1 1
gonetwork/assets.go:287.19,289.3 1 1
gonetwork/assets.go:291.2,299.54 3 1
gonetwork/assets.go:299.54,301.3 1 0
gonetwork/assets.go:303.2,307.8 1 1
gonetwork/assets.go:336.9,339.45 1 1
gonetwork/assets.go:339.45,342.10 3 1
gonetwork/assets.go:342.10,344.4 1 1
gonetwork/assets.go:345.3,348.17 2 1
gonetwork/assets.go:348.17,350.4 1 0
gonetwork/assets.go:351.3,351.57 1 1
gonetwork/assets.go:351.57,354.4 1 1
gonetwork/assets.go:360.2,361.9 2 1
gonetwork/assets.go:361.9,363.3 1 1
gonetwork/assets.go:370.2,370.36 1 1
gonetwork/assets.go:370.36,372.20 2 1
gonetwork/assets.go:372.20,374.4 1 0
gonetwork/assets.go:375.3,375.46 1 1
gonetwork/assets.go:375.46,377.4 1 1
gonetwork/assets.go:382.2,382.23 1 1
gonetwork/assets.go:382.23,384.3 1 0
gonetwork/assets.go:387.2,387.24 1 1
gonetwork/assets.go:387.24,389.3 1 0
gonetwork/assets.go:390.2,390.26 1 1
gonetwork/assets.go:390.26,392.3 1 0
gonetwork/assets.go:396.2,397.16 2 1
gonetwork/assets.go:397.16,399.3 1 0
gonetwork/assets.go:400.2,400.79 1 1
gonetwork/assets.go:400.79,402.3 1 1
gonetwork/assets.go:404.2,404.19 1 1
gonetwork/assets.go:405.24,407.35 1 1
gonetwork/assets.go:407.35,410.4 1 1
gonetwork/assets.go:414.3,414.84 1 1
gonetwork/assets.go:414.84,419.4 1 1
gonetwork/assets.go:421.46,426.13 4 1
gonetwork/assets.go:426.13,428.4 1 1
gonetwork/assets.go:429.3,429.48 1 1
gonetwork/assets.go:429.48,432.4 1 1
gonetwork/assets.go:435.3,435.73 1 1
gonetwork/assets.go:435.73,438.4 1 1
gonetwork/assets.go:440.10,441.69 1 0
gonetwork/assets.go:445.2,445.75 1 1
gonetwork/assets.go:445.75,447.73 2 1
gonetwork/assets.go:447.73,451.30 3 1
gonetwork/assets.go:451.30,452.39 1 1
gonetwork/assets.go:452.39,454.6 1 1
gonetwork/assets.go:456.4,456.52 1 1
gonetwork/assets.go:456.52,459.5 1 1
gonetwork/assets.go:467.2,467.63 1 1
gonetwork/assets.go:467.63,468.85 1 0
gonetwork/assets.go:468.85,470.4 1 0
gonetwork/assets.go:475.2,475.24 1 1
gonetwork/assets.go:475.24,476.86 1 1
gonetwork/assets.go:476.86,478.4 1 1
gonetwork/assets.go:481.2,481.12 1 1
gonetwork/assets.go:497.9,503.72 2 1
gonetwork/assets.go:503.72,508.3 1 0
gonetwork/assets.go:511.2,511.93 1 1
gonetwork/assets.go:511.93,513.3 1 1
gonetwork/assets.go:516.2,516.39 1 1
gonetwork/assets.go:516.39,517.33 1 1
gonetwork/assets.go:517.33,520.4 1 1
gonetwork/assets.go:521.3,521.27 1 1
gonetwork/assets.go:521.27,524.4 1 1
gonetwork/assets.go:528.2,528.30 1 1
gonetwork/assets.go:528.30,529.67 1 1
gonetwork/assets.go:529.67,530.36 1 1
gonetwork/assets.go:530.36,533.5 1 1
gonetwork/assets.go:537.2,537.12 1 1
gonetwork/assets.go:554.9,556.9 2 1
gonetwork/assets.go:556.9,558.3 1 0
gonetwork/assets.go:560.2,564.28 3 1
gonetwork/assets.go:564.28,565.46 1 1
gonetwork/assets.go:565.46,567.4 1 1
gonetwork/assets.go:568.3,568.11 1 1
gonetwork/assets.go:571.2,571.19 1 1
gonetwork/assets.go:572.24,573.49 1 1
gonetwork/assets.go:573.49,575.4 1 0
gonetwork/assets.go:575.9,582.4 1 1
gonetwork/assets.go:583.3,583.42 1 1
gonetwork/assets.go:585.27,587.54 2 1
gonetwork/assets.go:587.54,589.34 1 1
gonetwork/assets.go:589.34,590.16 1 1
gonetwork/assets.go:590.16,592.7 1 0
gonetwork/assets.go:593.6,593.14 1 1
gonetwork/assets.go:596.3,597.33 2 1
gonetwork/assets.go:597.33,599.4 1 1
gonetwork/assets.go:600.3,600.49 1 1
gonetwork/assets.go:600.49,602.4 1 1
gonetwork/assets.go:602.9,609.4 1 1
gonetwork/assets.go:611.25,613.54 2 1
gonetwork/assets.go:613.54,615.34 1 0
gonetwork/assets.go:615.34,616.16 1 0
gonetwork/assets.go:616.16,618.7 1 0
gonetwork/assets.go:619.6,619.14 1 0
gonetwork/assets.go:622.3,623.33 2 1
gonetwork/assets.go:623.33,625.4 1 1
gonetwork/assets.go:626.3,626.42 1 1
gonetwork/assets.go:628.10,629.69 1 0
gonetwork/assets.go:632.2,632.12 1 1
gonetwork/blockchain.go:28.39,30.2 1 1
gonetwork/blockchain.go:32.54,34.2 1 1
gonetwork/blockchain.go:36.71,38.40 1 1
gonetwork/blockchain.go:38.40,40.3 1 1
gonetwork/blockchain.go:42.2,46.35 3 1
gonetwork/blockchain.go:46.35,47.24 1 1
gonetwork/blockchain.go:47.24,48.9 1 0
gonetwork/blockchain.go:50.3,50.50 1 1
gonetwork/blockchain.go:50.50,52.4 1 1
gonetwork/blockchain.go:56.2,56.36 1 1
gonetwork/blockchain.go:60.77,62.19 1 1
gonetwork/blockchain.go:62.19,64.3 1 0
gonetwork/blockchain.go:66.2,66.40 1 1
gonetwork/blockchain.go:66.40,68.3 1 0
gonetwork/blockchain.go:71.2,71.40 1 1
gonetwork/blockchain.go:71.40,73.3 1 0
gonetwork/blockchain.go:76.2,80.35 3 1
gonetwork/blockchain.go:80.35,81.24 1 1
gonetwork/blockchain.go:81.24,82.9 1 0
gonetwork/blockchain.go:84.3,84.50 1 1
gonetwork/blockchain.go:84.50,86.4 1 1
gonetwork/blockchain.go:90.2,90.32 1 1
gonetwork/blockchain.go:90.32,92.3 1 1
gonetwork/blockchain.go:94.2,94.18 1 1
gonetwork/blockchain.go:126.34,139.2 4 1
gonetwork/blockchain.go:141.40,145.2 3 1
gonetwork/blockchain.go:329.64,331.2 1 1
gonetwork/blockchain.go:344.98,350.36 2 0
gonetwork/blockchain.go:350.36,351.63 1 0
gonetwork/blockchain.go:351.63,356.4 4 0
gonetwork/blockchain.go:357.3,357.63 1 0
gonetwork/blockchain.go:357.63,362.4 4 0
gonetwork/blockchain.go:364.2,364.10 1 0
gonetwork/blockchain.go:380.94,382.2 1 0
gonetwork/blockchain.go:386.82,387.46 1 0
gonetwork/blockchain.go:387.46,389.3 1 0
gonetwork/blockchain.go:390.2,390.27 1 0
gonetwork/blockchain.go:400.49,402.53 2 1
gonetwork/blockchain.go:402.53,403.27 1 0
gonetwork/blockchain.go:403.27,404.12 1 0
gonetwork/blockchain.go:406.3,406.29 1 0
gonetwork/blockchain.go:406.29,407.12 1 0
gonetwork/blockchain.go:411.3,411.59 1 0
gonetwork/blockchain.go:411.59,412.12 1 0
gonetwork/blockchain.go:414.3,424.5 2 0
gonetwork/blockchain.go:436.97,440.48 3 0
gonetwork/blockchain.go:440.48,441.35 1 0
gonetwork/blockchain.go:441.35,444.9 3 0
gonetwork/blockchain.go:447.2,447.24 1 0
gonetwork/blockchain.go:447.24,451.3 1 0
gonetwork/blockchain.go:454.2,454.58 1 0
gonetwork/blockchain.go:454.58,456.3 1 0
gonetwork/blockchain.go:459.2,460.77 2 0
gonetwork/blockchain.go:460.77,462.3 1 0
gonetwork/blockchain.go:465.2,487.34 5 0
gonetwork/blockchain.go:487.34,488.52 1 0
gonetwork/blockchain.go:488.52,489.77 1 0
gonetwork/blockchain.go:489.77,491.5 1 0
gonetwork/blockchain.go:492.4,492.42 1 0
gonetwork/blockchain.go:496.2,496.12 1 0
gonetwork/blockchain.go:506.53,511.45 2 1
gonetwork/blockchain.go:511.45,512.121 1 0
gonetwork/blockchain.go:512.121,514.12 2 0
gonetwork/blockchain.go:516.3,516.76 1 0
gonetwork/blockchain.go:516.76,518.4 1 0
gonetwork/blockchain.go:522.2,522.50 1 1
gonetwork/blockchain.go:522.50,530.3 2 0
gonetwork/blockchain.go:533.2,533.45 1 1
gonetwork/blockchain.go:533.45,534.24 1 0
gonetwork/blockchain.go:534.24,535.53 1 0
gonetwork/blockchain.go:535.53,536.69 1 0
gonetwork/blockchain.go:536.69,538.6 1 0
gonetwork/blockchain.go:540.4,544.12 2 0
gonetwork/blockchain.go:546.3,546.52 1 0
gonetwork/blockchain.go:546.52,548.4 1 0
gonetwork/blockchain.go:549.3,550.17 2 0
gonetwork/blockchain.go:550.17,552.12 2 0
gonetwork/blockchain.go:554.3,554.85 1 0
gonetwork/blockchain.go:554.85,556.4 1 0
gonetwork/blockchain.go:556.9,564.4 1 0
gonetwork/blockchain.go:569.2,569.29 1 1
gonetwork/blockchain.go:569.29,572.3 2 1
gonetwork/blockchain.go:574.2,574.41 1 1
gonetwork/blockchain.go:574.41,575.69 1 1
gonetwork/blockchain.go:575.69,576.12 1 1
gonetwork/blockchain.go:578.3,579.10 2 0
gonetwork/blockchain.go:579.10,580.12 1 0
gonetwork/blockchain.go:582.3,583.17 2 0
gonetwork/blockchain.go:583.17,585.12 2 0
gonetwork/blockchain.go:588.3,588.32 1 0
gonetwork/blockchain.go:588.32,619.66 5 0
gonetwork/blockchain.go:619.66,620.109 1 0
gonetwork/blockchain.go:620.109,622.6 1 0
gonetwork/blockchain.go:624.4,624.43 1 0
gonetwork/blockchain.go:624.43,628.5 1 0
gonetwork/blockchain.go:630.4,644.40 7 0
gonetwork/blockchain.go:644.40,646.117 1 0
gonetwork/blockchain.go:646.117,648.6 1 0
gonetwork/blockchain.go:648.11,649.62 1 0
gonetwork/blockchain.go:649.62,651.7 1 0
gonetwork/blockchain.go:658.2,658.45 1 1
gonetwork/blockchain.go:658.45,660.3 1 0
gonetwork/blockchain.go:661.2,661.56 1 1
gonetwork/blockchain.go:671.124,687.35 6 0
gonetwork/blockchain.go:687.35,689.17 2 0
gonetwork/blockchain.go:689.17,691.18 2 0
gonetwork/blockchain.go:691.18,693.5 1 0
gonetwork/blockchain.go:693.10,695.5 1 0
gonetwork/blockchain.go:700.2,700.26 1 0
gonetwork/blockchain.go:700.26,701.66 1 0
gonetwork/blockchain.go:701.66,703.4 1 0
gonetwork/blockchain.go:707.2,713.46 4 0
gonetwork/blockchain.go:713.46,714.88 1 0
gonetwork/blockchain.go:714.88,721.4 2 0
gonetwork/blockchain.go:727.2,727.31 1 0
gonetwork/blockchain.go:727.31,728.66 1 0
gonetwork/blockchain.go:728.66,729.12 1 0
gonetwork/blockchain.go:731.3,731.44 1 0
gonetwork/blockchain.go:731.44,733.68 2 0
gonetwork/blockchain.go:733.68,736.10 3 0
gonetwork/blockchain.go:742.2,751.4 2 0
gonetwork/blockchain.go:761.60,762.40 1 1
gonetwork/blockchain.go:762.40,765.35 3 1
gonetwork/blockchain.go:765.35,766.38 1 1
gonetwork/blockchain.go:766.38,768.5 1 1
gonetwork/blockchain.go:770.3,770.51 1 1
gonetwork/blockchain.go:770.51,775.43 2 1
gonetwork/blockchain.go:775.43,776.15 1 1
gonetwork/blockchain.go:778.4,784.6 2 0
gonetwork/blockchain.go:792.64,793.22 1 1
gonetwork/blockchain.go:793.22,795.3 1 1
gonetwork/blockchain.go:796.2,797.16 2 1
gonetwork/blockchain.go:797.16,799.3 1 0
gonetwork/blockchain.go:800.2,805.9 2 1
gonetwork/blockchain.go:806.26,806.26 0 1
gonetwork/blockchain.go:807.10,807.10 0 0
gonetwork/blockchain.go:819.45,820.24 1 1
gonetwork/blockchain.go:820.24,822.3 1 1
gonetwork/blockchain.go:822.8,824.3 1 0
gonetwork/blockchain.go:825.2,833.23 6 1
gonetwork/blockchain.go:833.23,834.80 1 1
gonetwork/blockchain.go:834.80,836.4 1 0
gonetwork/blockchain.go:841.69,842.23 1 1
gonetwork/blockchain.go:842.23,844.3 1 0
gonetwork/blockchain.go:845.2,848.12 4 1
gonetwork/blockchain.go:852.37,858.2 5 1
gonetwork/blockchain.go:860.55,862.24 1 1
gonetwork/blockchain.go:862.24,864.50 2 1
gonetwork/blockchain.go:864.50,867.4 2 0
gonetwork/blockchain.go:873.2,874.79 1 1
gonetwork/blockchain.go:874.79,877.3 2 1
gonetwork/blockchain.go:880.2,880.40 1 1
gonetwork/blockchain.go:880.40,885.17 3 1
gonetwork/blockchain.go:885.17,888.4 2 0
gonetwork/blockchain.go:890.3,893.40 2 1
gonetwork/blockchain.go:893.40,896.4 2 0
gonetwork/blockchain.go:899.3,899.21 1 1
gonetwork/blockchain.go:899.21,902.4 2 0
gonetwork/blockchain.go:903.3,903.43 1 1
gonetwork/blockchain.go:903.43,906.4 2 0
gonetwork/blockchain.go:910.2,910.27 1 1
gonetwork/blockchain.go:910.27,912.39 2 1
gonetwork/blockchain.go:912.39,915.4 2 0
gonetwork/blockchain.go:918.3,919.17 2 1
gonetwork/blockchain.go:919.17,922.4 2 0
gonetwork/blockchain.go:923.3,924.41 2 1
gonetwork/blockchain.go:924.41,925.36 1 1
gonetwork/blockchain.go:925.36,926.13 1 0
gonetwork/blockchain.go:928.4,928.41 1 1
gonetwork/blockchain.go:928.41,929.66 1 1
gonetwork/blockchain.go:929.66,931.11 2 1
gonetwork/blockchain.go:935.3,935.27 1 1
gonetwork/blockchain.go:935.27,938.4 2 0
gonetwork/blockchain.go:941.2,943.13 2 1
gonetwork/blockchain.go:946.49,947.25 1 1
gonetwork/blockchain.go:947.25,949.3 1 1
gonetwork/blockchain.go:950.2,950.52 1 1
gonetwork/blockchain.go:959.30,965.2 1 1
gonetwork/blockchain.go:967.55,968.33 1 1
gonetwork/blockchain.go:968.33,970.3 1 1
gonetwork/blockchain.go:971.2,971.50 1 1
gonetwork/blockchain.go:974.64,979.2 3 1
gonetwork/blockchain.go:981.49,982.43 1 0
gonetwork/blockchain.go:982.43,985.67 2 0
gonetwork/blockchain.go:985.67,987.12 2 0
gonetwork/blockchain.go:989.3,989.67 1 0
gonetwork/blockchain.go:993.56,994.34 1 1
gonetwork/blockchain.go:994.34,997.3 2 0
gonetwork/blockchain.go:999.2,1004.34 4 1
gonetwork/blockchain.go:1004.34,1006.39 2 1
gonetwork/blockchain.go:1006.39,1007.9 1 1
gonetwork/blockchain.go:1009.3,1010.36 2 1
gonetwork/blockchain.go:1010.36,1012.4 1 0
gonetwork/blockchain.go:1014.3,1014.39 1 1
gonetwork/blockchain.go:1014.39,1015.36 1 1
gonetwork/blockchain.go:1015.36,1017.69 2 1
gonetwork/blockchain.go:1017.69,1019.14 2 1
gonetwork/blockchain.go:1021.5,1021.20 1 1
gonetwork/blockchain.go:1027.2,1028.47 2 1
gonetwork/blockchain.go:1028.47,1029.16 1 1
gonetwork/blockchain.go:1029.16,1031.4 1 1
gonetwork/blockchain.go:1034.2,1034.83 1 1
gonetwork/blockchain.go:1038.61,1040.16 2 0
gonetwork/blockchain.go:1040.16,1042.3 1 0
gonetwork/blockchain.go:1043.2,1043.43 1 0
gonetwork/blockchain.go:1047.59,1049.16 2 0
gonetwork/blockchain.go:1049.16,1051.3 1 0
gonetwork/blockchain.go:1052.2,1053.50 2 0
gonetwork/blockchain.go:1053.50,1055.3 1 0
gonetwork/blockchain.go:1056.2,1056.17 1 0
gonetwork/blockchain.go:1059.58,1061.37 1 1
gonetwork/blockchain.go:1061.37,1062.60 1 1
gonetwork/blockchain.go:1062.60,1065.4 2 0
gonetwork/blockchain.go:1069.2,1069.36 1 1
gonetwork/blockchain.go:1069.36,1073.3 3 1
gonetwork/blockchain.go:1075.2,1076.14 2 0
gonetwork/blockchain.go:1080.13,1097.34 5 0
gonetwork/blockchain.go:1097.34,1103.3 5 0
gonetwork/blockchain.go:1109.48,1111.2 1 1
gonetwork/blockchain.go:1113.71,1197.27 29 1
gonetwork/blockchain.go:1197.27,1199.3 1 1
gonetwork/blockchain.go:1201.2,1208.31 5 1
gonetwork/blockchain.go:1208.31,1210.3 1 1
gonetwork/blockchain.go:1211.2,1211.32 1 1
gonetwork/blockchain.go:1211.32,1213.3 1 1
gonetwork/blockchain.go:1214.2,1214.29 1 1
gonetwork/blockchain.go:1214.29,1216.3 1 1
gonetwork/blockchain.go:1219.2,1229.63 4 1
gonetwork/blockchain.go:1229.63,1230.48 1 0
gonetwork/blockchain.go:1230.48,1231.50 1 0
gonetwork/blockchain.go:1231.50,1233.5 1 0
gonetwork/blockchain.go:1238.2,1239.16 2 1
gonetwork/blockchain.go:1239.16,1241.3 1 0
gonetwork/blockchain.go:1242.2,1244.11 2 1
gonetwork/compliance.go:88.55,90.2 1 1
gonetwork/compliance.go:105.24,113.2 1 1
gonetwork/compliance.go:124.9,125.22 1 1
gonetwork/compliance.go:125.22,127.3 1 0
gonetwork/compliance.go:128.2,128.31 1 1
gonetwork/compliance.go:128.31,131.3 1 0
gonetwork/compliance.go:133.2,133.61 1 1
gonetwork/compliance.go:133.61,135.3 1 1
gonetwork/compliance.go:137.2,139.93 3 1
gonetwork/compliance.go:139.93,144.3 1 1
gonetwork/compliance.go:145.2,145.12 1 1
gonetwork/compliance.go:155.3,157.35 2 1
gonetwork/compliance.go:157.35,158.43 1 1
gonetwork/compliance.go:158.43,159.12 1 1
gonetwork/compliance.go:161.3,161.27 1 1
gonetwork/compliance.go:161.27,162.12 1 1
gonetwork/compliance.go:164.3,165.10 2 1
gonetwork/compliance.go:165.10,166.12 1 0
gonetwork/compliance.go:168.3,168.48 1 1
gonetwork/compliance.go:168.48,170.4 1 1
gonetwork/compliance.go:172.2,172.48 1 1
gonetwork/compliance.go:194.9,195.42 1 1
gonetwork/compliance.go:195.42,197.3 1 1
gonetwork/compliance.go:198.2,200.9 3 1
gonetwork/compliance.go:200.9,205.3 1 1
gonetwork/compliance.go:206.2,206.26 1 1
gonetwork/compliance.go:206.26,211.3 1 1
gonetwork/compliance.go:212.2,212.12 1 1
gonetwork/compliance.go:228.9,229.17 1 1
gonetwork/compliance.go:229.17,231.3 1 0
gonetwork/compliance.go:234.2,234.49 1 1
gonetwork/compliance.go:234.49,235.33 1 1
gonetwork/compliance.go:235.33,240.4 1 1
gonetwork/compliance.go:244.2,244.73 1 1
gonetwork/compliance.go:244.73,249.3 1 1
gonetwork/compliance.go:252.2,252.73 1 1
gonetwork/compliance.go:252.73,257.3 1 0
gonetwork/compliance.go:260.2,260.31 1 1
gonetwork/compliance.go:260.31,262.32 2 0
gonetwork/compliance.go:262.32,264.4 1 0
gonetwork/compliance.go:265.3,265.43 1 0
gonetwork/compliance.go:265.43,269.4 1 0
gonetwork/compliance.go:272.2,272.12 1 1
gonetwork/compliance.go:289.83,290.38 1 0
gonetwork/compliance.go:290.38,292.3 1 0
gonetwork/compliance.go:293.2,293.62 1 0
gonetwork/compliance.go:293.62,296.3 2 0
gonetwork/compliance.go:302.85,303.47 1 0
gonetwork/compliance.go:303.47,305.3 1 0
gonetwork/compliance.go:306.2,306.64 1 0
gonetwork/compliance.go:306.64,311.3 1 0
gonetwork/compliance.go:312.2,312.12 1 0
gonetwork/compliance.go:344.46,347.2 2 0
gonetwork/compliance.go:351.70,352.31 1 0
gonetwork/compliance.go:352.31,353.43 1 0
gonetwork/compliance.go:353.43,356.4 2 0
gonetwork/compliance.go:358.2,358.14 1 0
gonetwork/compliance.go:362.50,364.31 2 0
gonetwork/compliance.go:364.31,365.23 1 0
gonetwork/compliance.go:365.23,367.4 1 0
gonetwork/compliance.go:369.2,369.12 1 0
gonetwork/compliance.go:429.111,441.2 1 0
gonetwork/compliance.go:449.39,451.40 2 0
gonetwork/compliance.go:451.40,453.3 1 0
gonetwork/compliance.go:454.2,454.60 1 0
gonetwork/compliance.go:462.62,465.2 2 0
gonetwork/complyadv_aml.go:50.82,59.2 1 0
gonetwork/complyadv_aml.go:69.22,72.16 2 0
gonetwork/complyadv_aml.go:72.16,74.3 1 0
gonetwork/complyadv_aml.go:75.2,75.68 1 0
gonetwork/complyadv_aml.go:75.68,77.3 1 0
gonetwork/complyadv_aml.go:80.2,81.16 2 0
gonetwork/complyadv_aml.go:81.16,83.3 1 0
gonetwork/complyadv_aml.go:84.2,84.72 1 0
gonetwork/complyadv_aml.go:84.72,86.3 1 0
gonetwork/complyadv_aml.go:89.2,89.24 1 0
gonetwork/complyadv_aml.go:89.24,91.3 1 0
gonetwork/complyadv_aml.go:92.2,92.27 1 0
gonetwork/complyadv_aml.go:97.85,99.41 2 0
gonetwork/complyadv_aml.go:99.41,100.60 1 0
gonetwork/complyadv_aml.go:100.60,103.4 2 0
gonetwork/complyadv_aml.go:105.2,108.16 3 0
gonetwork/complyadv_aml.go:108.16,110.3 1 0
gonetwork/complyadv_aml.go:112.2,116.19 4 0
gonetwork/complyadv_aml.go:146.80,155.16 3 0
gonetwork/complyadv_aml.go:155.16,157.3 1 0
gonetwork/complyadv_aml.go:159.2,161.16 3 0
gonetwork/complyadv_aml.go:161.16,163.3 1 0
gonetwork/complyadv_aml.go:164.2,168.16 4 0
gonetwork/complyadv_aml.go:168.16,170.3 1 0
gonetwork/complyadv_aml.go:171.2,173.48 2 0
gonetwork/complyadv_aml.go:173.48,175.3 1 0
gonetwork/complyadv_aml.go:176.2,176.79 1 0
gonetwork/complyadv_aml.go:176.79,178.3 1 0
gonetwork/complyadv_aml.go:180.2,181.16 2 0
gonetwork/complyadv_aml.go:181.16,183.3 1 0
gonetwork/complyadv_aml.go:185.2,186.54 2 0
gonetwork/complyadv_aml.go:186.54,188.3 1 0
gonetwork/complyadv_aml.go:190.2,190.47 1 0
gonetwork/complyadv_aml.go:190.47,191.22 1 0
gonetwork/complyadv_aml.go:191.22,192.12 1 0
gonetwork/complyadv_aml.go:194.3,194.35 1 0
gonetwork/complyadv_aml.go:194.35,195.13 1 0
gonetwork/complyadv_aml.go:196.20,202.11 1 0
gonetwork/complyadv_aml.go:203.15,209.11 1 0
gonetwork/complyadv_aml.go:210.19,216.11 1 0
gonetwork/complyadv_aml.go:221.2,221.17 1 0
gonetwork/corporate.go:92.29,93.19 1 1
gonetwork/corporate.go:93.19,95.3 1 0
gonetwork/corporate.go:96.2,96.23 1 1
gonetwork/corporate.go:96.23,98.3 1 0
gonetwork/corporate.go:99.2,99.53 1 1
gonetwork/corporate.go:99.53,101.3 1 0
gonetwork/corporate.go:103.2,139.16 20 1
gonetwork/corporate.go:139.16,141.3 1 0
gonetwork/corporate.go:142.2,145.16 3 1
gonetwork/corporate.go:153.44,155.2 1 1
gonetwork/corporate.go:160.105,161.41 1 1
gonetwork/corporate.go:161.41,163.3 1 0
gonetwork/corporate.go:164.2,164.19 1 1
gonetwork/corporate.go:164.19,166.3 1 1
gonetwork/corporate.go:169.2,170.34 2 1
gonetwork/corporate.go:170.34,172.3 1 0
gonetwork/corporate.go:175.2,178.20 4 1
gonetwork/corporate.go:178.20,180.3 1 1
gonetwork/corporate.go:180.8,182.3 1 1
gonetwork/corporate.go:183.2,185.40 3 1
gonetwork/corporate.go:185.40,187.3 1 0
gonetwork/corporate.go:189.2,190.12 2 1
gonetwork/corporate.go:196.127,198.35 2 1
gonetwork/corporate.go:198.35,199.36 1 1
gonetwork/corporate.go:199.36,200.12 1 0
gonetwork/corporate.go:202.3,203.71 2 1
gonetwork/corporate.go:203.71,205.4 1 1
gonetwork/corporate.go:207.2,207.27 1 1
gonetwork/corporate.go:207.27,209.3 1 0
gonetwork/corporate.go:210.2,210.62 1 1
gonetwork/corporate.go:218.114,224.15 5 1
gonetwork/corporate.go:224.15,226.3 1 1
gonetwork/corporate.go:226.8,228.3 1 1
gonetwork/corporate.go:229.2,236.3 2 1
gonetwork/corporate.go:255.56,256.33 1 1
gonetwork/corporate.go:256.33,258.3 1 1
gonetwork/corporate.go:260.2,261.19 2 1
gonetwork/corporate.go:261.19,263.3 1 0
gonetwork/corporate.go:273.2,306.35 19 1
gonetwork/corporate.go:323.32,324.45 1 1
gonetwork/corporate.go:324.45,326.3 1 0
gonetwork/corporate.go:328.2,330.35 2 1
gonetwork/corporate.go:330.35,331.40 1 1
gonetwork/corporate.go:331.40,332.12 1 0
gonetwork/corporate.go:334.3,334.27 1 1
gonetwork/corporate.go:334.27,335.12 1 0
gonetwork/corporate.go:339.3,339.45 1 1
gonetwork/corporate.go:339.45,340.12 1 1
gonetwork/corporate.go:343.3,353.25 2 1
gonetwork/corporate.go:356.2,356.17 1 1
gonetwork/dBFT.go:31.58,38.48 3 1
gonetwork/dBFT.go:38.48,43.23 3 1
gonetwork/dBFT.go:43.23,45.4 1 1
gonetwork/dBFT.go:49.2,49.26 1 1
gonetwork/dBFT.go:49.26,51.25 2 1
gonetwork/dBFT.go:51.25,55.4 3 1
gonetwork/dBFT.go:59.2,59.40 1 1
gonetwork/dBFT.go:59.40,61.3 1 1
gonetwork/dBFT.go:64.2,64.27 1 1
gonetwork/dBFT.go:64.27,66.3 1 1
gonetwork/dBFT.go:66.8,68.3 1 0
gonetwork/dBFT.go:72.61,75.2 2 1
gonetwork/dBFT.go:78.60,80.2 1 1
gonetwork/dBFT.go:87.71,88.38 1 0
gonetwork/dBFT.go:88.38,90.3 1 0
gonetwork/dBFT.go:91.2,93.16 3 0
gonetwork/dBFT.go:97.56,108.30 4 1
gonetwork/dBFT.go:108.30,111.3 2 1
gonetwork/dBFT.go:114.2,114.54 1 0
gonetwork/dBFT.go:114.54,117.3 2 0
gonetwork/dBFT.go:120.2,120.38 1 0
gonetwork/dBFT.go:127.53,129.2 1 1
gonetwork/dBFT.go:137.56,140.79 1 1
gonetwork/dBFT.go:140.79,142.3 1 0
gonetwork/dBFT.go:146.2,146.40 1 1
gonetwork/dBFT.go:146.40,147.27 1 1
gonetwork/dBFT.go:147.27,148.12 1 1
gonetwork/dBFT.go:150.3,151.17 2 0
gonetwork/dBFT.go:151.17,153.4 1 0
gonetwork/dBFT.go:154.3,154.53 1 0
gonetwork/dBFT.go:154.53,156.4 1 0
gonetwork/dBFT.go:158.2,158.13 1 1
gonetwork/dBFT.go:162.39,163.28 1 1
gonetwork/dBFT.go:163.28,166.3 2 0
gonetwork/dBFT.go:167.2,168.102 2 1
gonetwork/dBFT.go:176.58,177.28 1 1
gonetwork/dBFT.go:177.28,180.3 2 0
gonetwork/dBFT.go:182.2,185.40 3 1
gonetwork/dBFT.go:185.40,187.13 2 1
gonetwork/dBFT.go:187.13,189.4 1 1
gonetwork/dBFT.go:193.2,194.29 2 1
gonetwork/dBFT.go:194.29,196.3 1 1
gonetwork/dBFT.go:198.2,202.65 4 1
gonetwork/dBFT.go:202.65,203.10 1 1
gonetwork/dBFT.go:204.18,205.13 1 1
gonetwork/dBFT.go:205.13,207.5 1 1
gonetwork/dBFT.go:207.10,209.5 1 1
gonetwork/dBFT.go:210.19,212.16 2 0
gonetwork/dBFT.go:216.2,216.36 1 1
gonetwork/dBFT.go:216.36,220.3 3 1
gonetwork/dBFT.go:222.2,223.14 2 1
gonetwork/dBFT.go:226.54,231.16 3 1
gonetwork/dBFT.go:231.16,234.3 2 1
gonetwork/dBFT.go:236.2,239.39 2 1
gonetwork/dBFT.go:239.39,242.3 2 0
gonetwork/dBFT.go:245.2,245.20 1 1
gonetwork/dBFT.go:245.20,248.3 2 0
gonetwork/dBFT.go:249.2,249.42 1 1
gonetwork/dBFT.go:249.42,252.3 2 0
gonetwork/dBFT.go:255.2,255.34 1 1
gonetwork/dBFT.go:255.34,256.52 1 1
gonetwork/dBFT.go:256.52,257.70 1 1
gonetwork/dBFT.go:257.70,260.5 2 0
gonetwork/dBFT.go:266.2,268.25 3 1
gonetwork/dBFT.go:268.25,272.3 3 0
gonetwork/dBFT.go:273.2,282.23 6 1
gonetwork/dBFT.go:282.23,283.61 1 1
gonetwork/dBFT.go:283.61,285.4 1 0
gonetwork/dBFT.go:290.45,291.59 1 1
gonetwork/dBFT.go:291.59,293.65 1 1
gonetwork/dBFT.go:293.65,295.4 1 1
gonetwork/dBFT.go:296.3,296.67 1 1
gonetwork/dBFT.go:301.46,302.29 1 1
gonetwork/dBFT.go:302.29,304.3 1 1
gonetwork/dBFT.go:306.2,306.13 1 1
gonetwork/dBFT.go:312.50,321.24 5 1
gonetwork/dBFT.go:321.24,323.3 1 1
gonetwork/dBFT.go:323.8,325.3 1 1
gonetwork/dBFT.go:326.2,338.50 5 1
gonetwork/dBFT.go:343.53,344.28 1 1
gonetwork/dBFT.go:344.28,347.3 2 0
gonetwork/dBFT.go:350.2,351.34 2 1
gonetwork/dBFT.go:351.34,353.3 1 1
gonetwork/dBFT.go:354.2,354.37 1 1
gonetwork/dBFT.go:354.37,357.3 2 0
gonetwork/dBFT.go:359.2,364.40 4 1
gonetwork/dBFT.go:364.40,366.3 1 1
gonetwork/dBFT.go:368.2,372.32 2 1
gonetwork/dBFT.go:372.32,374.35 1 1
gonetwork/dBFT.go:374.35,376.4 1 1
gonetwork/dBFT.go:377.3,377.85 1 1
gonetwork/dBFT.go:378.8,380.3 1 0
gonetwork/dBFT.go:382.2,383.20 2 1
gonetwork/dBFT.go:387.55,393.2 1 1
gonetwork/dBFT.go:395.43,399.2 3 1
gonetwork/dBFT.go:401.53,402.12 1 0
gonetwork/dBFT.go:402.12,403.7 1 0
gonetwork/dBFT.go:403.7,405.18 2 0
gonetwork/dBFT.go:405.18,407.5 1 0
gonetwork/dBFT.go:407.10,409.5 1 0
gonetwork/dBFT.go:410.4,410.32 1 0
gonetwork/dBFT.go:415.39,417.60 2 0
gonetwork/dBFT.go:417.60,418.55 1 0
gonetwork/dBFT.go:418.55,420.4 1 0
gonetwork/dBFT.go:420.9,422.4 1 0
gonetwork/dBFT.go:427.59,429.16 2 0
gonetwork/dBFT.go:429.16,432.3 2 0
gonetwork/dBFT.go:434.2,434.74 1 0
gonetwork/dBFT.go:434.74,436.3 1 0
gonetwork/dBFT.go:440.44,441.12 1 0
gonetwork/dBFT.go:441.12,443.3 1 0
gonetwork/dBFT.go:446.34,447.27 1 0
gonetwork/dBFT.go:447.27,448.19 1 0
gonetwork/dBFT.go:449.22,450.75 1 0
gonetwork/dBFT.go:451.13,452.65 1 0
gonetwork/dBFT.go:453.18,454.77 1 0
gonetwork/dBFT.go:455.22,457.10 2 0
gonetwork/dBFT.go:457.10,459.5 1 0
gonetwork/deal.go:88.18,89.22 1 1
gonetwork/deal.go:89.22,91.3 1 0
gonetwork/deal.go:92.2,92.28 1 1
gonetwork/deal.go:92.28,94.3 1 0
gonetwork/deal.go:95.2,95.53 1 1
gonetwork/deal.go:95.53,97.3 1 1
gonetwork/deal.go:98.2,98.29 1 1
gonetwork/deal.go:98.29,100.3 1 0
gonetwork/deal.go:102.2,119.16 5 1
gonetwork/deal.go:119.16,121.3 1 0
gonetwork/deal.go:122.2,127.16 4 1
gonetwork/deal.go:127.16,129.3 1 0
gonetwork/deal.go:130.2,133.15 3 1
gonetwork/deal.go:137.68,141.16 4 1
gonetwork/deal.go:141.16,143.3 1 0
gonetwork/deal.go:144.2,146.42 3 1
gonetwork/deal.go:159.24,160.22 1 1
gonetwork/deal.go:160.22,162.3 1 0
gonetwork/deal.go:163.2,163.27 1 1
gonetwork/deal.go:163.27,165.3 1 0
gonetwork/deal.go:167.2,182.8 5 1
gonetwork/deal.go:186.68,191.2 4 1
gonetwork/deal.go:200.28,201.24 1 1
gonetwork/deal.go:201.24,203.3 1 0
gonetwork/deal.go:204.2,204.27 1 1
gonetwork/deal.go:204.27,206.3 1 0
gonetwork/deal.go:208.2,218.16 3 1
gonetwork/deal.go:218.16,220.3 1 0
gonetwork/deal.go:221.2,223.15 3 1
gonetwork/deal.go:227.76,231.16 4 1
gonetwork/deal.go:231.16,233.3 1 0
gonetwork/deal.go:234.2,236.36 3 1
gonetwork/deal.go:254.9,255.68 1 1
gonetwork/deal.go:255.68,257.3 1 0
gonetwork/deal.go:258.2,258.19 1 1
gonetwork/deal.go:258.19,260.3 1 0
gonetwork/deal.go:261.2,261.49 1 1
gonetwork/deal.go:261.49,263.3 1 0
gonetwork/deal.go:264.2,265.17 2 1
gonetwork/deal.go:265.17,267.3 1 0
gonetwork/deal.go:268.2,268.21 1 1
gonetwork/deal.go:268.21,270.3 1 1
gonetwork/deal.go:271.2,271.26 1 1
gonetwork/deal.go:271.26,273.3 1 1
gonetwork/deal.go:275.2,276.45 2 1
gonetwork/deal.go:276.45,282.3 1 1
gonetwork/deal.go:284.2,286.12 3 1
gonetwork/deal.go:295.9,296.66 1 1
gonetwork/deal.go:296.66,298.3 1 1
gonetwork/deal.go:299.2,299.23 1 1
gonetwork/deal.go:299.23,301.3 1 0
gonetwork/deal.go:302.2,302.59 1 1
gonetwork/deal.go:302.59,304.3 1 0
gonetwork/deal.go:305.2,305.31 1 1
gonetwork/deal.go:305.31,307.3 1 0
gonetwork/deal.go:309.2,310.12 2 1
gonetwork/deal.go:314.41,316.21 2 1
gonetwork/deal.go:316.21,318.3 1 1
gonetwork/deal.go:319.2,319.34 1 1
gonetwork/deal.go:319.34,321.3 1 1
gonetwork/deal.go:322.2,322.14 1 1
gonetwork/deal.go:327.40,329.2 1 1
gonetwork/deal.go:335.43,336.21 1 1
gonetwork/deal.go:336.21,338.3 1 0
gonetwork/deal.go:339.2,339.50 1 1
gonetwork/deal.go:339.50,342.3 2 1
gonetwork/deal.go:343.2,343.14 1 1
gonetwork/elliptic_aml.go:58.79,68.2 1 0
gonetwork/elliptic_aml.go:77.22,79.16 2 0
gonetwork/elliptic_aml.go:79.16,81.3 1 0
gonetwork/elliptic_aml.go:82.2,82.68 1 0
gonetwork/elliptic_aml.go:82.68,84.3 1 0
gonetwork/elliptic_aml.go:86.2,87.16 2 0
gonetwork/elliptic_aml.go:87.16,89.3 1 0
gonetwork/elliptic_aml.go:90.2,90.72 1 0
gonetwork/elliptic_aml.go:90.72,92.3 1 0
gonetwork/elliptic_aml.go:94.2,94.24 1 0
gonetwork/elliptic_aml.go:94.24,96.3 1 0
gonetwork/elliptic_aml.go:97.2,97.27 1 0
gonetwork/elliptic_aml.go:102.77,104.41 2 0
gonetwork/elliptic_aml.go:104.41,105.59 1 0
gonetwork/elliptic_aml.go:105.59,108.4 2 0
gonetwork/elliptic_aml.go:110.2,113.16 3 0
gonetwork/elliptic_aml.go:113.16,115.3 1 0
gonetwork/elliptic_aml.go:117.2,121.19 4 0
gonetwork/elliptic_aml.go:144.73,152.16 7 0
gonetwork/elliptic_aml.go:152.16,154.3 1 0
gonetwork/elliptic_aml.go:156.2,158.16 3 0
gonetwork/elliptic_aml.go:158.16,160.3 1 0
gonetwork/elliptic_aml.go:161.2,166.16 5 0
gonetwork/elliptic_aml.go:166.16,168.3 1 0
gonetwork/elliptic_aml.go:169.2,171.91 2 0
gonetwork/elliptic_aml.go:171.91,173.3 1 0
gonetwork/elliptic_aml.go:174.2,174.38 1 0
gonetwork/elliptic_aml.go:174.38,176.3 1 0
gonetwork/elliptic_aml.go:178.2,179.16 2 0
gonetwork/elliptic_aml.go:179.16,181.3 1 0
gonetwork/elliptic_aml.go:183.2,184.54 2 0
gonetwork/elliptic_aml.go:184.54,186.3 1 0
gonetwork/elliptic_aml.go:188.2,188.9 1 0
gonetwork/elliptic_aml.go:189.54,195.9 1 0
gonetwork/elliptic_aml.go:196.53,202.9 1 0
gonetwork/elliptic_aml.go:204.2,204.17 1 0
gonetwork/eurc_payment.go:49.68,51.18 2 0
gonetwork/eurc_payment.go:51.18,53.3 1 0
gonetwork/eurc_payment.go:54.2,55.19 2 0
gonetwork/eurc_payment.go:55.19,57.3 1 0
gonetwork/eurc_payment.go:58.2,59.23 2 0
gonetwork/eurc_payment.go:59.23,61.3 1 0
gonetwork/eurc_payment.go:62.2,63.76 2 0
gonetwork/eurc_payment.go:67.111,68.18 1 0
gonetwork/eurc_payment.go:68.18,70.3 1 0
gonetwork/eurc_payment.go:71.2,71.19 1 0
gonetwork/eurc_payment.go:71.19,73.3 1 0
gonetwork/eurc_payment.go:74.2,82.8 1 0
gonetwork/eurc_payment.go:98.85,102.42 3 0
gonetwork/eurc_payment.go:102.42,104.3 1 0
gonetwork/eurc_payment.go:108.2,109.30 2 0
gonetwork/eurc_payment.go:109.30,111.3 1 0
gonetwork/eurc_payment.go:113.2,119.16 3 0
gonetwork/eurc_payment.go:119.16,121.3 1 0
gonetwork/eurc_payment.go:123.2,124.16 2 0
gonetwork/eurc_payment.go:124.16,126.3 1 0
gonetwork/eurc_payment.go:127.2,131.16 4 0
gonetwork/eurc_payment.go:131.16,133.3 1 0
gonetwork/eurc_payment.go:134.2,136.53 2 0
gonetwork/eurc_payment.go:136.53,139.3 2 0
gonetwork/eurc_payment.go:141.2,142.67 2 0
gonetwork/eurc_payment.go:142.67,144.3 1 0
gonetwork/eurc_payment.go:146.2,147.16 2 0
gonetwork/eurc_payment.go:147.16,149.3 1 0
gonetwork/eurc_payment.go:151.2,152.18 2 0
gonetwork/eurc_payment.go:157.89,161.40 3 0
gonetwork/eurc_payment.go:161.40,163.3 1 0
gonetwork/eurc_payment.go:164.2,164.34 1 0
gonetwork/eurc_payment.go:171.103,172.45 1 0
gonetwork/eurc_payment.go:172.45,174.3 1 0
gonetwork/eurc_payment.go:175.2,178.12 4 0
gonetwork/eurc_payment.go:184.93,185.27 1 0
gonetwork/eurc_payment.go:185.27,187.3 1 0
gonetwork/eurc_payment.go:188.2,191.56 4 0
gonetwork/identity.go:108.32,109.21 1 1
gonetwork/identity.go:109.21,111.3 1 1
gonetwork/identity.go:112.2,112.24 1 1
gonetwork/identity.go:112.24,114.3 1 1
gonetwork/identity.go:115.2,115.24 1 1
gonetwork/identity.go:115.24,117.3 1 1
gonetwork/identity.go:118.2,118.23 1 1
gonetwork/identity.go:118.23,120.3 1 1
gonetwork/identity.go:122.2,137.16 5 1
gonetwork/identity.go:137.16,139.3 1 0
gonetwork/identity.go:140.2,143.15 3 1
gonetwork/identity.go:148.78,152.16 4 1
gonetwork/identity.go:152.16,154.3 1 0
gonetwork/identity.go:155.2,157.44 3 1
gonetwork/identity.go:161.47,163.2 1 1
gonetwork/identity.go:168.69,181.2 3 1
gonetwork/identity.go:188.48,190.2 1 1
gonetwork/identity.go:194.53,196.2 1 1
gonetwork/identity.go:213.63,215.16 2 1
gonetwork/identity.go:215.16,217.3 1 0
gonetwork/identity.go:218.2,223.8 2 1
gonetwork/identity.go:232.35,234.16 2 1
gonetwork/identity.go:234.16,236.3 1 0
gonetwork/identity.go:237.2,239.25 3 1
gonetwork/identity.go:244.99,246.9 2 1
gonetwork/identity.go:246.9,248.3 1 1
gonetwork/identity.go:249.2,249.15 1 1
gonetwork/identity.go:253.63,255.2 1 1
gonetwork/instrument_lifecycle.go:56.68,57.30 1 1
gonetwork/instrument_lifecycle.go:57.30,59.3 1 0
gonetwork/instrument_lifecycle.go:60.2,60.28 1 1
gonetwork/instrument_lifecycle.go:60.28,62.3 1 0
gonetwork/instrument_lifecycle.go:65.2,65.37 1 1
gonetwork/instrument_lifecycle.go:65.37,69.18 4 1
gonetwork/instrument_lifecycle.go:69.18,71.4 1 0
gonetwork/instrument_lifecycle.go:72.3,74.18 3 1
gonetwork/instrument_lifecycle.go:74.18,76.4 1 0
gonetwork/instrument_lifecycle.go:77.3,78.32 2 1
gonetwork/instrument_lifecycle.go:78.32,80.4 1 0
gonetwork/instrument_lifecycle.go:83.2,84.9 2 1
gonetwork/instrument_lifecycle.go:84.9,86.3 1 0
gonetwork/instrument_lifecycle.go:87.2,87.48 1 1
gonetwork/instrument_lifecycle.go:87.48,89.3 1 0
gonetwork/instrument_lifecycle.go:91.2,92.9 2 1
gonetwork/instrument_lifecycle.go:92.9,94.3 1 0
gonetwork/instrument_lifecycle.go:97.2,99.61 3 1
gonetwork/instrument_lifecycle.go:99.61,101.13 2 1
gonetwork/instrument_lifecycle.go:101.13,103.4 1 1
gonetwork/instrument_lifecycle.go:104.3,107.4 1 1
gonetwork/instrument_lifecycle.go:111.2,112.33 2 1
gonetwork/instrument_lifecycle.go:112.33,114.3 1 0
gonetwork/instrument_lifecycle.go:115.2,119.53 3 1
gonetwork/instrument_lifecycle.go:119.53,121.3 1 0
gonetwork/instrument_lifecycle.go:121.8,123.52 2 1
gonetwork/instrument_lifecycle.go:123.52,125.4 1 0
gonetwork/instrument_lifecycle.go:126.3,131.4 1 1
gonetwork/instrument_lifecycle.go:133.2,136.55 2 1
gonetwork/instrument_lifecycle.go:136.55,151.3 3 1
gonetwork/instrument_lifecycle.go:154.2,156.31 3 1
gonetwork/instrument_lifecycle.go:212.68,213.29 1 1
gonetwork/instrument_lifecycle.go:213.29,215.3 1 0
gonetwork/instrument_lifecycle.go:216.2,216.30 1 1
gonetwork/instrument_lifecycle.go:216.30,218.3 1 0
gonetwork/instrument_lifecycle.go:219.2,219.25 1 1
gonetwork/instrument_lifecycle.go:219.25,221.3 1 0
gonetwork/instrument_lifecycle.go:224.2,224.34 1 1
gonetwork/instrument_lifecycle.go:224.34,228.18 4 0
gonetwork/instrument_lifecycle.go:228.18,230.4 1 0
gonetwork/instrument_lifecycle.go:231.3,233.18 3 0
gonetwork/instrument_lifecycle.go:233.18,235.4 1 0
gonetwork/instrument_lifecycle.go:236.3,237.32 2 0
gonetwork/instrument_lifecycle.go:237.32,239.4 1 0
gonetwork/instrument_lifecycle.go:242.2,243.9 2 1
gonetwork/instrument_lifecycle.go:243.9,245.3 1 0
gonetwork/instrument_lifecycle.go:246.2,246.56 1 1
gonetwork/instrument_lifecycle.go:246.56,250.3 1 0
gonetwork/instrument_lifecycle.go:252.2,253.9 2 1
gonetwork/instrument_lifecycle.go:253.9,255.3 1 0
gonetwork/instrument_lifecycle.go:258.2,260.57 3 1
gonetwork/instrument_lifecycle.go:260.57,262.13 2 1
gonetwork/instrument_lifecycle.go:262.13,264.4 1 1
gonetwork/instrument_lifecycle.go:265.3,268.4 1 1
gonetwork/instrument_lifecycle.go:271.2,275.30 3 1
gonetwork/instrument_lifecycle.go:275.30,277.3 1 0
gonetwork/instrument_lifecycle.go:278.2,282.53 3 1
gonetwork/instrument_lifecycle.go:282.53,284.3 1 0
gonetwork/instrument_lifecycle.go:284.8,286.52 2 1
gonetwork/instrument_lifecycle.go:286.52,288.4 1 0
gonetwork/instrument_lifecycle.go:289.3,294.4 1 1
gonetwork/instrument_lifecycle.go:296.2,300.31 4 1
gonetwork/instrument_lifecycle.go:335.67,336.18 1 1
gonetwork/instrument_lifecycle.go:336.18,338.3 1 0
gonetwork/instrument_lifecycle.go:339.2,339.26 1 1
gonetwork/instrument_lifecycle.go:339.26,341.3 1 0
gonetwork/instrument_lifecycle.go:342.2,342.27 1 1
gonetwork/instrument_lifecycle.go:342.27,344.3 1 0
gonetwork/instrument_lifecycle.go:346.2,347.14 2 1
gonetwork/instrument_lifecycle.go:347.14,349.3 1 0
gonetwork/instrument_lifecycle.go:351.2,354.37 3 1
gonetwork/instrument_lifecycle.go:354.37,355.27 1 1
gonetwork/instrument_lifecycle.go:355.27,356.12 1 0
gonetwork/instrument_lifecycle.go:359.3,359.70 1 1
gonetwork/instrument_lifecycle.go:359.70,360.12 1 0
gonetwork/instrument_lifecycle.go:362.3,367.28 4 1
gonetwork/instrument_lifecycle.go:367.28,368.12 1 0
gonetwork/instrument_lifecycle.go:371.3,371.30 1 1
gonetwork/instrument_lifecycle.go:371.30,372.12 1 1
gonetwork/instrument_lifecycle.go:376.3,378.26 3 1
gonetwork/instrument_lifecycle.go:381.2,381.20 1 1
gonetwork/instrument_lifecycle.go:430.33,431.17 1 1
gonetwork/instrument_lifecycle.go:431.17,433.3 1 0
gonetwork/instrument_lifecycle.go:434.2,434.19 1 1
gonetwork/instrument_lifecycle.go:434.19,436.3 1 0
gonetwork/instrument_lifecycle.go:437.2,437.24 1 1
gonetwork/instrument_lifecycle.go:437.24,439.3 1 0
gonetwork/instrument_lifecycle.go:440.2,440.20 1 1
gonetwork/instrument_lifecycle.go:440.20,442.3 1 0
gonetwork/instrument_lifecycle.go:443.2,443.23 1 1
gonetwork/instrument_lifecycle.go:443.23,445.3 1 0
gonetwork/instrument_lifecycle.go:447.2,451.37 4 1
gonetwork/instrument_lifecycle.go:451.37,452.36 1 1
gonetwork/instrument_lifecycle.go:452.36,453.12 1 0
gonetwork/instrument_lifecycle.go:455.3,455.27 1 1
gonetwork/instrument_lifecycle.go:455.27,456.12 1 0
gonetwork/instrument_lifecycle.go:459.3,485.33 11 1
gonetwork/instrument_lifecycle.go:485.33,499.4 1 1
gonetwork/instrument_lifecycle.go:502.2,502.21 1 1
gonetwork/instrument_lifecycle.go:512.9,515.9 3 1
gonetwork/instrument_lifecycle.go:515.9,517.3 1 0
gonetwork/instrument_lifecycle.go:519.2,520.12 2 1
gonetwork/instrument_lifecycle.go:528.45,530.2 1 1
gonetwork/instrument_lifecycle.go:533.39,535.26 2 0
gonetwork/instrument_lifecycle.go:535.26,537.3 1 0
gonetwork/instrument_lifecycle.go:538.2,538.39 1 0
gonetwork/instrument_lifecycle.go:543.54,547.2 3 0
gonetwork/instrument_lifecycle.go:550.40,552.2 1 0
gonetwork/keymanager.go:49.61,51.2 1 1
gonetwork/keymanager.go:54.53,56.2 1 1
gonetwork/keymanager.go:59.61,61.2 1 1
gonetwork/keymanager.go:65.57,68.2 2 1
gonetwork/keymanager.go:96.55,101.2 1 1
gonetwork/keymanager.go:104.51,106.2 1 0
gonetwork/keymanager.go:111.59,114.2 2 1
gonetwork/keymanager.go:118.55,121.2 2 1
gonetwork/keymanager.go:157.76,160.31 3 1
gonetwork/keymanager.go:160.31,162.3 1 1
gonetwork/keymanager.go:163.2,163.50 1 1
gonetwork/keymanager.go:168.85,169.19 1 1
gonetwork/keymanager.go:169.19,171.3 1 1
gonetwork/keymanager.go:172.2,172.17 1 1
gonetwork/keymanager.go:172.17,174.3 1 1
gonetwork/keymanager.go:175.2,175.19 1 1
gonetwork/keymanager.go:175.19,177.3 1 1
gonetwork/keymanager.go:178.2,184.8 1 1
gonetwork/keymanager.go:189.53,190.23 1 1
gonetwork/keymanager.go:190.23,192.3 1 1
gonetwork/keymanager.go:193.2,194.16 2 1
gonetwork/keymanager.go:194.16,196.3 1 1
gonetwork/keymanager.go:197.2,198.20 2 1
gonetwork/keymanager.go:203.61,209.16 4 1
gonetwork/keymanager.go:209.16,211.3 1 1
gonetwork/keymanager.go:212.2,213.25 2 1
gonetwork/keymanager.go:213.25,215.3 1 0
gonetwork/keymanager.go:217.2,218.21 2 1
gonetwork/keymanager.go:218.21,220.3 1 1
gonetwork/keymanager.go:221.2,222.16 2 1
gonetwork/keymanager.go:222.16,224.3 1 0
gonetwork/keymanager.go:225.2,225.17 1 1
gonetwork/keymanager.go:230.57,237.16 4 1
gonetwork/keymanager.go:237.16,239.3 1 1
gonetwork/keymanager.go:240.2,241.14 2 1
gonetwork/keymanager.go:246.92,248.16 2 1
gonetwork/keymanager.go:248.16,250.3 1 0
gonetwork/keymanager.go:251.2,255.16 4 1
gonetwork/keymanager.go:255.16,257.3 1 0
gonetwork/keymanager.go:258.2,260.37 2 1
gonetwork/keymanager.go:260.37,263.3 2 1
gonetwork/keymanager.go:264.2,267.68 2 1
gonetwork/keymanager.go:267.68,269.3 1 0
gonetwork/keymanager.go:270.2,270.27 1 1
gonetwork/keymanager.go:276.61,279.16 3 1
gonetwork/keymanager.go:279.16,281.3 1 0
gonetwork/keymanager.go:282.2,285.16 3 1
gonetwork/keymanager.go:285.16,287.3 1 0
gonetwork/keymanager.go:288.2,290.37 2 1
gonetwork/keymanager.go:290.37,293.3 2 1
gonetwork/keymanager.go:294.2,301.68 2 1
gonetwork/keymanager.go:301.68,303.3 1 0
gonetwork/keymanager.go:304.2,305.40 2 1
gonetwork/keymanager.go:305.40,306.25 1 1
gonetwork/keymanager.go:306.25,308.9 2 1
gonetwork/keymanager.go:311.2,311.18 1 1
gonetwork/keymanager.go:311.18,313.3 1 0
gonetwork/keymanager.go:315.2,316.18 2 1
gonetwork/keymanager.go:316.18,318.3 1 0
gonetwork/keymanager.go:319.2,320.16 2 1
gonetwork/keymanager.go:320.16,322.3 1 0
gonetwork/keymanager.go:323.2,324.9 2 1
gonetwork/keymanager.go:324.9,326.3 1 0
gonetwork/keymanager.go:327.2,327.67 1 1
gonetwork/keymanager.go:337.65,340.2 2 1
gonetwork/keys.go:27.48,30.16 3 1
gonetwork/keys.go:30.16,32.3 1 0
gonetwork/keys.go:33.2,35.8 1 1
gonetwork/keys.go:39.62,40.26 1 0
gonetwork/keys.go:40.26,42.3 1 0
gonetwork/keys.go:43.2,43.60 1 0
gonetwork/keys.go:46.37,48.2 1 1
gonetwork/keys.go:50.50,54.2 1 1
gonetwork/keys.go:64.42,68.2 1 1
gonetwork/keys.go:70.36,72.2 1 1
gonetwork/keys.go:74.36,76.2 1 1
gonetwork/keys.go:78.64,80.2 1 1
gonetwork/keys.go:82.64,84.16 2 1
gonetwork/keys.go:84.16,87.17 2 1
gonetwork/keys.go:87.17,89.4 1 0
gonetwork/keys.go:91.2,91.35 1 1
gonetwork/keys.go:91.35,93.3 1 1
gonetwork/keys.go:94.2,94.61 1 1
gonetwork/keys.go:96.59,98.19 2 0
gonetwork/keys.go:98.19,100.3 1 0
gonetwork/keys.go:101.2,101.52 1 0
gonetwork/keys.go:126.71,129.58 2 0
gonetwork/keys.go:129.58,131.3 1 0
gonetwork/keys.go:134.2,138.16 3 0
gonetwork/keys.go:138.16,140.3 1 0
gonetwork/keys.go:141.2,142.16 2 0
gonetwork/keys.go:142.16,144.3 1 0
gonetwork/keys.go:146.2,147.59 2 0
gonetwork/keys.go:147.59,149.3 1 0
gonetwork/keys.go:151.2,155.61 3 0
gonetwork/keys.go:161.80,162.59 1 0
gonetwork/keys.go:162.59,164.3 1 0
gonetwork/keys.go:166.2,166.58 1 0
gonetwork/keys.go:170.77,172.16 2 0
gonetwork/keys.go:172.16,174.3 1 0
gonetwork/keys.go:176.2,177.34 2 0
gonetwork/keys.go:177.34,179.3 1 0
gonetwork/keys.go:181.2,188.16 6 0
gonetwork/keys.go:188.16,190.3 1 0
gonetwork/keys.go:191.2,192.16 2 0
gonetwork/keys.go:192.16,194.3 1 0
gonetwork/keys.go:196.2,197.16 2 0
gonetwork/keys.go:197.16,199.3 1 0
gonetwork/keys.go:200.2,200.23 1 0
gonetwork/keys.go:205.86,207.16 2 0
gonetwork/keys.go:207.16,209.3 1 0
gonetwork/keys.go:210.2,211.16 2 0
gonetwork/keys.go:211.16,213.3 1 0
gonetwork/keys.go:214.2,214.37 1 0
gonetwork/keys.go:214.37,216.3 1 0
gonetwork/keys.go:217.2,221.24 5 0
gonetwork/kms_oracle.go:50.74,52.18 2 0
gonetwork/kms_oracle.go:52.18,54.3 1 0
gonetwork/kms_oracle.go:55.2,56.24 2 0
gonetwork/kms_oracle.go:56.24,58.3 1 0
gonetwork/kms_oracle.go:60.2,61.16 2 0
gonetwork/kms_oracle.go:61.16,63.3 1 0
gonetwork/kms_oracle.go:66.2,67.16 2 0
gonetwork/kms_oracle.go:67.16,69.3 1 0
gonetwork/kms_oracle.go:71.2,76.16 3 0
gonetwork/kms_oracle.go:76.16,78.3 1 0
gonetwork/kms_oracle.go:80.2,80.31 1 0
gonetwork/kms_oracle.go:80.31,82.3 1 0
gonetwork/kms_oracle.go:84.2,85.16 2 0
gonetwork/kms_oracle.go:85.16,87.3 1 0
gonetwork/kms_oracle.go:89.2,93.8 1 0
gonetwork/kms_oracle.go:97.57,99.2 1 0
gonetwork/kms_oracle.go:103.106,104.24 1 0
gonetwork/kms_oracle.go:104.24,106.3 1 0
gonetwork/kms_oracle.go:107.2,110.16 4 0
gonetwork/kms_oracle.go:110.16,112.3 1 0
gonetwork/kms_oracle.go:113.2,116.21 4 0
gonetwork/kms_oracle.go:120.110,121.25 1 0
gonetwork/kms_oracle.go:121.25,123.3 1 0
gonetwork/kms_oracle.go:124.2,127.16 4 0
gonetwork/kms_oracle.go:127.16,129.3 1 0
gonetwork/kms_oracle.go:130.2,133.21 4 0
gonetwork/kms_oracle.go:138.84,139.65 1 0
gonetwork/kms_oracle.go:139.65,141.3 1 0
gonetwork/kms_oracle.go:142.2,145.16 4 0
gonetwork/kms_oracle.go:145.16,147.3 1 0
gonetwork/kms_oracle.go:148.2,150.41 3 0
gonetwork/kms_oracle.go:155.87,156.67 1 0
gonetwork/kms_oracle.go:156.67,158.3 1 0
gonetwork/kms_oracle.go:159.2,162.16 4 0
gonetwork/kms_oracle.go:162.16,164.3 1 0
gonetwork/kms_oracle.go:165.2,167.41 3 0
gonetwork/legal_docs.go:50.31,51.19 1 1
gonetwork/legal_docs.go:51.19,53.3 1 0
gonetwork/legal_docs.go:54.2,54.27 1 1
gonetwork/legal_docs.go:54.27,56.3 1 0
gonetwork/legal_docs.go:57.2,57.22 1 1
gonetwork/legal_docs.go:57.22,59.3 1 0
gonetwork/legal_docs.go:60.2,60.35 1 1
gonetwork/legal_docs.go:60.35,62.3 1 0
gonetwork/legal_docs.go:63.2,63.22 1 1
gonetwork/legal_docs.go:63.22,65.3 1 0
gonetwork/legal_docs.go:67.2,87.16 10 1
gonetwork/legal_docs.go:87.16,89.3 1 0
gonetwork/legal_docs.go:90.2,93.15 3 1
gonetwork/legal_docs.go:98.75,99.21 1 0
gonetwork/legal_docs.go:99.21,101.3 1 0
gonetwork/legal_docs.go:102.2,104.16 3 0
gonetwork/legal_docs.go:104.16,106.3 1 0
gonetwork/legal_docs.go:107.2,109.12 3 0
gonetwork/legal_docs.go:113.58,114.33 1 1
gonetwork/legal_docs.go:114.33,116.3 1 0
gonetwork/legal_docs.go:117.2,118.16 2 1
gonetwork/legal_docs.go:118.16,120.3 1 0
gonetwork/legal_docs.go:121.2,125.16 5 1
gonetwork/legal_docs.go:125.16,127.3 1 0
gonetwork/legal_docs.go:128.2,130.33 3 1
gonetwork/legal_docs.go:135.57,136.52 1 0
gonetwork/legal_docs.go:136.52,138.3 1 0
gonetwork/legal_docs.go:139.2,140.16 2 0
gonetwork/legal_docs.go:140.16,142.3 1 0
gonetwork/legal_docs.go:143.2,146.16 4 0
gonetwork/legal_docs.go:146.16,148.3 1 0
gonetwork/legal_docs.go:149.2,151.33 3 0
gonetwork/legal_docs.go:173.9,175.9 2 1
gonetwork/legal_docs.go:175.9,177.3 1 0
gonetwork/legal_docs.go:180.2,181.46 2 1
gonetwork/legal_docs.go:181.46,186.3 1 1
gonetwork/legal_docs.go:189.2,189.41 1 1
gonetwork/legal_docs.go:189.41,194.3 1 0
gonetwork/legal_docs.go:196.2,196.40 1 1
gonetwork/legal_docs.go:196.40,198.3 1 0
gonetwork/legal_docs.go:201.2,201.51 1 1
gonetwork/legal_docs.go:201.51,202.40 1 0
gonetwork/legal_docs.go:202.40,204.4 1 0
gonetwork/legal_docs.go:206.3,207.28 2 0
gonetwork/legal_docs.go:207.28,208.76 1 0
gonetwork/legal_docs.go:208.76,210.10 2 0
gonetwork/legal_docs.go:214.3,214.24 1 0
gonetwork/legal_docs.go:214.24,215.29 1 0
gonetwork/legal_docs.go:215.29,216.46 1 0
gonetwork/legal_docs.go:216.46,218.11 2 0
gonetwork/legal_docs.go:222.3,222.61 1 0
gonetwork/legal_docs.go:222.61,227.4 1 0
gonetwork/legal_docs.go:231.2,234.12 3 1
gonetwork/legal_docs.go:245.10,247.23 2 1
gonetwork/legal_docs.go:247.23,249.3 1 1
gonetwork/legal_docs.go:250.2,250.43 1 1
gonetwork/liquidity.go:67.29,68.19 1 1
gonetwork/liquidity.go:68.19,70.3 1 0
gonetwork/liquidity.go:71.2,71.20 1 1
gonetwork/liquidity.go:71.20,73.3 1 0
gonetwork/liquidity.go:74.2,74.23 1 1
gonetwork/liquidity.go:74.23,76.3 1 1
gonetwork/liquidity.go:77.2,77.39 1 1
gonetwork/liquidity.go:77.39,79.3 1 1
gonetwork/liquidity.go:81.2,105.16 11 1
gonetwork/liquidity.go:105.16,107.3 1 0
gonetwork/liquidity.go:108.2,111.15 3 1
gonetwork/liquidity.go:115.41,117.2 1 0
gonetwork/liquidity.go:120.45,122.2 1 1
gonetwork/liquidity.go:125.46,127.2 1 1
gonetwork/liquidity.go:130.75,134.16 4 1
gonetwork/liquidity.go:134.16,136.3 1 0
gonetwork/liquidity.go:137.2,139.44 3 1
gonetwork/liquidity.go:154.40,159.2 1 1
gonetwork/liquidity.go:163.67,164.50 1 1
gonetwork/liquidity.go:164.50,165.47 1 1
gonetwork/liquidity.go:165.47,166.12 1 0
gonetwork/liquidity.go:169.3,169.65 1 1
gonetwork/liquidity.go:169.65,174.4 1 1
gonetwork/liquidity.go:176.2,178.12 3 1
gonetwork/liquidity.go:182.61,183.41 1 0
gonetwork/liquidity.go:183.41,184.17 1 0
gonetwork/liquidity.go:184.17,186.4 1 0
gonetwork/liquidity.go:188.2,188.14 1 0
gonetwork/liquidity.go:194.57,196.2 1 1
gonetwork/liquidity.go:202.62,205.31 2 1
gonetwork/liquidity.go:205.31,206.21 1 1
gonetwork/liquidity.go:206.21,208.12 2 1
gonetwork/liquidity.go:211.3,211.23 1 1
gonetwork/liquidity.go:211.23,212.12 1 1
gonetwork/liquidity.go:215.3,225.28 5 1
gonetwork/liquidity.go:225.28,227.12 2 1
gonetwork/liquidity.go:230.3,231.17 2 1
gonetwork/liquidity.go:231.17,234.12 3 0
gonetwork/liquidity.go:237.3,238.32 2 1
gonetwork/liquidity.go:238.32,240.67 1 1
gonetwork/liquidity.go:240.67,241.10 1 0
gonetwork/liquidity.go:243.4,247.39 4 1
gonetwork/liquidity.go:250.3,253.22 4 1
gonetwork/liquidity.go:253.22,255.4 1 1
gonetwork/liquidity.go:257.3,257.36 1 1
gonetwork/liquidity.go:260.2,260.16 1 1
gonetwork/liquidity.go:265.87,288.38 6 1
gonetwork/liquidity.go:288.38,290.3 1 0
gonetwork/liquidity.go:292.2,302.75 4 1
gonetwork/liquidity.go:302.75,304.3 1 0
gonetwork/mock_payment.go:26.52,31.2 1 1
gonetwork/mock_payment.go:35.85,36.20 1 1
gonetwork/mock_payment.go:36.20,38.3 1 1
gonetwork/mock_payment.go:39.2,39.53 1 1
gonetwork/mock_payment.go:39.53,41.3 1 1
gonetwork/mock_payment.go:42.2,46.18 5 1
gonetwork/mock_payment.go:51.89,52.45 1 1
gonetwork/mock_payment.go:52.45,54.3 1 1
gonetwork/mock_payment.go:55.2,55.34 1 1
gonetwork/mock_payment.go:60.103,61.21 1 1
gonetwork/mock_payment.go:61.21,63.3 1 1
gonetwork/mock_payment.go:64.2,64.17 1 1
gonetwork/mock_payment.go:64.17,66.3 1 1
gonetwork/mock_payment.go:67.2,68.12 2 1
gonetwork/mock_payment.go:86.57,88.16 2 1
gonetwork/mock_payment.go:88.16,90.3 1 0
gonetwork/mock_payment.go:91.2,95.8 2 1
gonetwork/mock_payment.go:99.58,101.2 1 1
gonetwork/mock_payment.go:105.107,106.24 1 1
gonetwork/mock_payment.go:106.24,108.3 1 0
gonetwork/mock_payment.go:109.2,112.16 4 1
gonetwork/mock_payment.go:112.16,114.3 1 0
gonetwork/mock_payment.go:115.2,118.21 4 1
gonetwork/mock_payment.go:122.111,123.25 1 1
gonetwork/mock_payment.go:123.25,125.3 1 0
gonetwork/mock_payment.go:126.2,129.16 4 1
gonetwork/mock_payment.go:129.16,131.3 1 0
gonetwork/mock_payment.go:132.2,135.21 4 1
gonetwork/mock_payment.go:140.85,141.65 1 1
gonetwork/mock_payment.go:141.65,143.3 1 1
gonetwork/mock_payment.go:144.2,147.16 4 1
gonetwork/mock_payment.go:147.16,149.3 1 0
gonetwork/mock_payment.go:150.2,152.41 3 1
gonetwork/mock_payment.go:157.88,158.67 1 1
gonetwork/mock_payment.go:158.67,160.3 1 1
gonetwork/mock_payment.go:161.2,164.16 4 1
gonetwork/mock_payment.go:164.16,166.3 1 0
gonetwork/mock_payment.go:167.2,169.41 3 1
gonetwork/modulr_payment.go:49.72,52.37 3 0
gonetwork/modulr_payment.go:52.37,54.3 1 0
gonetwork/modulr_payment.go:55.2,56.19 2 0
gonetwork/modulr_payment.go:56.19,58.3 1 0
gonetwork/modulr_payment.go:59.2,61.86 3 0
gonetwork/modulr_payment.go:67.123,68.18 1 0
gonetwork/modulr_payment.go:68.18,70.3 1 0
gonetwork/modulr_payment.go:71.2,71.21 1 0
gonetwork/modulr_payment.go:71.21,73.3 1 0
gonetwork/modulr_payment.go:74.2,74.19 1 0
gonetwork/modulr_payment.go:74.19,76.3 1 0
gonetwork/modulr_payment.go:77.2,84.8 1 0
gonetwork/modulr_payment.go:99.73,103.49 3 0
gonetwork/modulr_payment.go:103.49,105.3 1 0
gonetwork/modulr_payment.go:106.2,123.12 11 0
gonetwork/modulr_payment.go:169.87,170.24 1 0
gonetwork/modulr_payment.go:170.24,172.3 1 0
gonetwork/modulr_payment.go:173.2,173.25 1 0
gonetwork/modulr_payment.go:173.25,175.3 1 0
gonetwork/modulr_payment.go:176.2,183.16 3 0
gonetwork/modulr_payment.go:183.16,185.3 1 0
gonetwork/modulr_payment.go:187.2,189.16 3 0
gonetwork/modulr_payment.go:189.16,191.3 1 0
gonetwork/modulr_payment.go:192.2,192.46 1 0
gonetwork/modulr_payment.go:192.46,194.3 1 0
gonetwork/modulr_payment.go:196.2,197.16 2 0
gonetwork/modulr_payment.go:197.16,199.3 1 0
gonetwork/modulr_payment.go:200.2,202.79 2 0
gonetwork/modulr_payment.go:202.79,205.3 2 0
gonetwork/modulr_payment.go:207.2,208.67 2 0
gonetwork/modulr_payment.go:208.67,210.3 1 0
gonetwork/modulr_payment.go:212.2,212.40 1 0
gonetwork/modulr_payment.go:212.40,213.20 1 0
gonetwork/modulr_payment.go:213.20,215.4 1 0
gonetwork/modulr_payment.go:217.2,217.40 1 0
gonetwork/modulr_payment.go:217.40,218.50 1 0
gonetwork/modulr_payment.go:218.50,220.4 1 0
gonetwork/modulr_payment.go:222.2,222.104 1 0
gonetwork/modulr_payment.go:230.90,231.24 1 0
gonetwork/modulr_payment.go:231.24,233.3 1 0
gonetwork/modulr_payment.go:234.2,234.25 1 0
gonetwork/modulr_payment.go:234.25,236.3 1 0
gonetwork/modulr_payment.go:237.2,244.16 3 0
gonetwork/modulr_payment.go:244.16,246.3 1 0
gonetwork/modulr_payment.go:248.2,250.16 3 0
gonetwork/modulr_payment.go:250.16,252.3 1 0
gonetwork/modulr_payment.go:253.2,253.46 1 0
gonetwork/modulr_payment.go:253.46,255.3 1 0
gonetwork/modulr_payment.go:257.2,258.16 2 0
gonetwork/modulr_payment.go:258.16,260.3 1 0
gonetwork/modulr_payment.go:261.2,263.79 2 0
gonetwork/modulr_payment.go:263.79,266.3 2 0
gonetwork/modulr_payment.go:268.2,269.67 2 0
gonetwork/modulr_payment.go:269.67,271.3 1 0
gonetwork/modulr_payment.go:272.2,272.40 1 0
gonetwork/modulr_payment.go:272.40,273.20 1 0
gonetwork/modulr_payment.go:273.20,275.4 1 0
gonetwork/modulr_payment.go:277.2,277.95 1 0
gonetwork/modulr_payment.go:283.91,292.16 6 0
gonetwork/modulr_payment.go:292.16,294.3 1 0
gonetwork/modulr_payment.go:295.2,295.46 1 0
gonetwork/modulr_payment.go:295.46,297.3 1 0
gonetwork/modulr_payment.go:299.2,300.16 2 0
gonetwork/modulr_payment.go:300.16,302.3 1 0
gonetwork/modulr_payment.go:303.2,305.38 2 0
gonetwork/modulr_payment.go:305.38,308.3 2 0
gonetwork/modulr_payment.go:310.2,311.67 2 0
gonetwork/modulr_payment.go:311.67,313.3 1 0
gonetwork/modulr_payment.go:314.2,314.30 1 0
gonetwork/modulr_payment.go:314.30,316.3 1 0
gonetwork/modulr_payment.go:317.2,317.67 1 0
gonetwork/modulr_payment.go:324.85,326.2 1 0
gonetwork/modulr_payment.go:335.95,340.2 4 0
gonetwork/modulr_payment.go:347.58,348.11 1 0
gonetwork/modulr_payment.go:349.30,350.32 1 0
gonetwork/modulr_payment.go:351.28,352.29 1 0
gonetwork/modulr_payment.go:353.17,354.30 1 0
gonetwork/modulr_payment.go:355.10,356.30 1 0
gonetwork/nca_reporting.go:37.52,46.2 1 0
gonetwork/nca_reporting.go:57.30,59.16 2 0
gonetwork/nca_reporting.go:59.16,61.3 1 0
gonetwork/nca_reporting.go:62.2,62.22 1 0
gonetwork/nca_reporting.go:62.22,63.59 1 0
gonetwork/nca_reporting.go:63.59,66.4 1 0
gonetwork/nca_reporting.go:68.2,68.20 1 0
gonetwork/nca_reporting.go:72.75,74.16 2 0
gonetwork/nca_reporting.go:74.16,76.3 1 0
gonetwork/nca_reporting.go:78.2,79.16 2 0
gonetwork/nca_reporting.go:79.16,81.3 1 0
gonetwork/nca_reporting.go:82.2,83.20 2 0
gonetwork/nca_reporting.go:83.20,85.3 1 0
gonetwork/nca_reporting.go:87.2,88.16 2 0
gonetwork/nca_reporting.go:88.16,90.3 1 0
gonetwork/nca_reporting.go:91.2,93.53 2 0
gonetwork/nca_reporting.go:93.53,95.3 1 0
gonetwork/nca_reporting.go:96.2,96.12 1 0
gonetwork/onfido_identity.go:55.90,56.24 1 0
gonetwork/onfido_identity.go:56.24,58.3 1 0
gonetwork/onfido_identity.go:59.2,60.17 2 0
gonetwork/onfido_identity.go:60.17,62.3 1 0
gonetwork/onfido_identity.go:63.2,71.8 1 0
gonetwork/onfido_identity.go:87.35,89.16 2 0
gonetwork/onfido_identity.go:89.16,91.3 1 0
gonetwork/onfido_identity.go:92.2,96.25 5 0
gonetwork/onfido_identity.go:100.101,104.9 4 0
gonetwork/onfido_identity.go:104.9,106.3 1 0
gonetwork/onfido_identity.go:107.2,107.15 1 0
gonetwork/onfido_identity.go:111.65,113.2 1 0
gonetwork/onfido_identity.go:151.35,152.21 1 0
gonetwork/onfido_identity.go:152.21,154.3 1 0
gonetwork/onfido_identity.go:157.2,162.16 2 0
gonetwork/onfido_identity.go:162.16,164.3 1 0
gonetwork/onfido_identity.go:165.2,166.76 2 0
gonetwork/onfido_identity.go:166.76,168.3 1 0
gonetwork/onfido_identity.go:171.2,176.16 2 0
gonetwork/onfido_identity.go:176.16,178.3 1 0
gonetwork/onfido_identity.go:179.2,180.76 2 0
gonetwork/onfido_identity.go:180.76,182.3 1 0
gonetwork/onfido_identity.go:184.2,188.24 4 0
gonetwork/onfido_identity.go:205.35,208.18 2 0
gonetwork/onfido_identity.go:208.18,212.57 4 0
gonetwork/onfido_identity.go:212.57,214.4 1 0
gonetwork/onfido_identity.go:218.2,229.55 2 0
gonetwork/onfido_identity.go:229.55,231.3 1 0
gonetwork/onfido_identity.go:234.2,236.44 1 0
gonetwork/onfido_identity.go:236.44,238.3 1 0
gonetwork/onfido_identity.go:241.2,242.50 2 0
gonetwork/onfido_identity.go:242.50,243.63 1 0
gonetwork/onfido_identity.go:243.63,245.9 2 0
gonetwork/onfido_identity.go:248.2,248.21 1 0
gonetwork/onfido_identity.go:248.21,250.3 1 0
gonetwork/onfido_identity.go:252.2,252.86 1 0
gonetwork/onfido_identity.go:264.9,266.16 2 0
gonetwork/onfido_identity.go:266.16,268.3 1 0
gonetwork/onfido_identity.go:269.2,273.16 4 0
gonetwork/onfido_identity.go:273.16,275.3 1 0
gonetwork/onfido_identity.go:276.2,279.16 3 0
gonetwork/onfido_identity.go:279.16,281.3 1 0
gonetwork/onfido_identity.go:282.2,282.28 1 0
gonetwork/onfido_identity.go:282.28,284.3 1 0
gonetwork/onfido_identity.go:285.2,285.16 1 0
gonetwork/onfido_identity.go:285.16,286.55 1 0
gonetwork/onfido_identity.go:286.55,288.4 1 0
gonetwork/onfido_identity.go:290.2,290.12 1 0
gonetwork/operator_identity.go:42.94,43.24 1 1
gonetwork/operator_identity.go:43.24,45.3 1 1
gonetwork/operator_identity.go:46.2,51.8 1 1
gonetwork/operator_identity.go:63.9,64.21 1 1
gonetwork/operator_identity.go:64.21,66.3 1 1
gonetwork/operator_identity.go:67.2,67.24 1 1
gonetwork/operator_identity.go:67.24,69.3 1 1
gonetwork/operator_identity.go:70.2,70.23 1 1
gonetwork/operator_identity.go:70.23,72.3 1 1
gonetwork/operator_identity.go:73.2,82.12 4 1
gonetwork/operator_identity.go:88.97,91.9 3 1
gonetwork/operator_identity.go:91.9,94.3 2 1
gonetwork/operator_identity.go:95.2,98.88 3 1
gonetwork/operator_identity.go:109.35,111.16 2 1
gonetwork/operator_identity.go:111.16,113.3 1 0
gonetwork/operator_identity.go:114.2,118.25 5 1
gonetwork/operator_identity.go:123.103,127.9 4 1
gonetwork/operator_identity.go:127.9,129.3 1 1
gonetwork/operator_identity.go:130.2,130.15 1 1
gonetwork/operator_identity.go:134.67,136.2 1 0
gonetwork/operator_identity.go:140.79,144.30 4 1
gonetwork/operator_identity.go:144.30,146.3 1 1
gonetwork/operator_identity.go:147.2,147.12 1 1
gonetwork/operator_identity.go:151.55,155.2 3 1
gonetwork/orderbook.go:100.19,101.22 1 1
gonetwork/orderbook.go:101.22,103.3 1 1
gonetwork/orderbook.go:104.2,104.19 1 1
gonetwork/orderbook.go:104.19,106.3 1 0
gonetwork/orderbook.go:107.2,107.16 1 1
gonetwork/orderbook.go:107.16,109.3 1 1
gonetwork/orderbook.go:110.2,110.19 1 1
gonetwork/orderbook.go:110.19,112.3 1 1
gonetwork/orderbook.go:114.2,136.16 7 1
gonetwork/orderbook.go:136.16,138.3 1 0
gonetwork/orderbook.go:139.2,142.15 3 1
gonetwork/orderbook.go:146.37,148.2 1 1
gonetwork/orderbook.go:152.34,154.2 1 1
gonetwork/orderbook.go:158.63,159.50 1 1
gonetwork/orderbook.go:159.50,161.3 1 0
gonetwork/orderbook.go:162.2,165.16 4 1
gonetwork/orderbook.go:165.16,167.3 1 0
gonetwork/orderbook.go:168.2,170.42 3 1
gonetwork/orderbook.go:178.46,184.2 1 1
gonetwork/orderbook.go:190.76,191.18 1 1
gonetwork/orderbook.go:191.18,193.3 1 0
gonetwork/orderbook.go:194.2,194.25 1 1
gonetwork/orderbook.go:194.25,196.3 1 0
gonetwork/orderbook.go:197.2,197.42 1 1
gonetwork/orderbook.go:197.42,199.3 1 1
gonetwork/orderbook.go:200.2,200.23 1 1
gonetwork/orderbook.go:200.23,202.3 1 0
gonetwork/orderbook.go:204.2,204.20 1 1
gonetwork/orderbook.go:205.20,207.43 2 1
gonetwork/orderbook.go:207.43,208.44 1 1
gonetwork/orderbook.go:208.44,210.5 1 1
gonetwork/orderbook.go:211.4,211.52 1 1
gonetwork/orderbook.go:213.20,215.43 2 1
gonetwork/orderbook.go:215.43,216.44 1 1
gonetwork/orderbook.go:216.44,218.5 1 1
gonetwork/orderbook.go:219.4,219.52 1 1
gonetwork/orderbook.go:221.10,222.58 1 0
gonetwork/orderbook.go:225.2,225.12 1 1
gonetwork/orderbook.go:230.77,231.28 1 1
gonetwork/orderbook.go:231.28,232.22 1 1
gonetwork/orderbook.go:232.22,233.34 1 1
gonetwork/orderbook.go:233.34,235.5 1 1
gonetwork/orderbook.go:236.4,238.14 3 1
gonetwork/orderbook.go:241.2,241.28 1 1
gonetwork/orderbook.go:241.28,242.22 1 1
gonetwork/orderbook.go:242.22,243.34 1 1
gonetwork/orderbook.go:243.34,245.5 1 0
gonetwork/orderbook.go:246.4,248.14 3 1
gonetwork/orderbook.go:251.2,251.51 1 1
gonetwork/orderbook.go:256.37,260.28 3 1
gonetwork/orderbook.go:260.28,261.43 1 1
gonetwork/orderbook.go:261.43,263.4 1 1
gonetwork/orderbook.go:263.9,265.4 1 1
gonetwork/orderbook.go:267.2,270.28 3 1
gonetwork/orderbook.go:270.28,271.43 1 1
gonetwork/orderbook.go:271.43,273.4 1 0
gonetwork/orderbook.go:273.9,275.4 1 1
gonetwork/orderbook.go:277.2,277.22 1 1
gonetwork/orderbook.go:297.105,303.43 4 1
gonetwork/orderbook.go:303.43,307.36 3 1
gonetwork/orderbook.go:307.36,308.9 1 1
gonetwork/orderbook.go:312.3,313.32 2 1
gonetwork/orderbook.go:313.32,315.4 1 1
gonetwork/orderbook.go:316.3,355.31 10 1
gonetwork/orderbook.go:355.31,358.4 2 1
gonetwork/orderbook.go:358.9,360.4 1 1
gonetwork/orderbook.go:362.3,362.31 1 1
gonetwork/orderbook.go:362.31,365.4 2 1
gonetwork/orderbook.go:365.9,367.4 1 0
gonetwork/orderbook.go:370.2,370.30 1 1
gonetwork/p2p.go:32.13,35.2 1 1
gonetwork/p2p.go:100.64,105.2 1 1
gonetwork/p2p.go:109.66,110.26 1 1
gonetwork/p2p.go:110.26,112.3 1 0
gonetwork/p2p.go:113.2,115.39 3 1
gonetwork/p2p.go:115.39,117.3 1 1
gonetwork/p2p.go:118.2,121.12 4 1
gonetwork/p2p.go:125.67,126.26 1 1
gonetwork/p2p.go:126.26,128.3 1 0
gonetwork/p2p.go:129.2,131.39 3 1
gonetwork/p2p.go:131.39,133.3 1 0
gonetwork/p2p.go:134.2,137.12 4 1
gonetwork/p2p.go:141.60,144.25 3 1
gonetwork/p2p.go:144.25,146.3 1 1
gonetwork/p2p.go:147.2,148.11 2 1
gonetwork/p2p.go:152.76,154.2 1 1
gonetwork/p2p.go:157.73,159.2 1 1
gonetwork/p2p.go:163.106,166.25 3 1
gonetwork/p2p.go:166.25,168.3 1 1
gonetwork/p2p.go:169.2,170.11 2 1
gonetwork/p2p.go:175.93,177.2 1 1
gonetwork/p2p.go:179.57,180.65 1 1
gonetwork/p2p.go:180.65,182.3 1 1
gonetwork/p2p.go:182.8,184.3 1 1
gonetwork/p2p.go:187.60,189.20 2 1
gonetwork/p2p.go:189.20,191.3 1 0
gonetwork/p2p.go:192.2,192.40 1 1
gonetwork/p2p.go:192.40,194.3 1 0
gonetwork/p2p.go:195.2,196.21 2 1
gonetwork/p2p.go:200.123,206.16 3 1
gonetwork/p2p.go:206.16,208.3 1 0
gonetwork/p2p.go:209.2,217.16 3 1
gonetwork/p2p.go:217.16,219.3 1 0
gonetwork/p2p.go:220.2,223.33 2 1
gonetwork/p2p.go:223.33,225.3 1 1
gonetwork/p2p.go:228.2,228.38 1 1
gonetwork/p2p.go:228.38,231.17 3 0
gonetwork/p2p.go:231.17,233.12 2 0
gonetwork/p2p.go:235.3,235.51 1 0
gonetwork/p2p.go:235.51,237.4 1 0
gonetwork/p2p.go:237.9,239.4 1 0
gonetwork/p2p.go:243.2,243.12 1 1
gonetwork/p2p.go:243.12,245.30 1 1
gonetwork/p2p.go:245.30,248.65 3 0
gonetwork/p2p.go:248.65,252.5 3 0
gonetwork/p2p.go:253.4,253.73 1 0
gonetwork/p2p.go:256.3,256.44 1 1
gonetwork/p2p.go:256.44,259.4 2 0
gonetwork/p2p.go:260.3,274.17 9 1
gonetwork/p2p.go:274.17,277.4 2 0
gonetwork/p2p.go:278.3,280.63 2 1
gonetwork/p2p.go:280.63,282.4 1 1
gonetwork/p2p.go:282.9,284.4 1 0
gonetwork/p2p.go:287.3,287.7 1 1
gonetwork/p2p.go:287.7,289.18 2 1
gonetwork/p2p.go:289.18,292.13 3 0
gonetwork/p2p.go:294.4,294.28 1 1
gonetwork/p2p.go:294.28,295.23 1 1
gonetwork/p2p.go:295.23,297.46 2 0
gonetwork/p2p.go:297.46,299.7 1 0
gonetwork/p2p.go:299.12,301.7 1 0
gonetwork/p2p.go:304.4,304.31 1 1
gonetwork/p2p.go:309.2,310.16 2 1
gonetwork/p2p.go:310.16,312.3 1 0
gonetwork/p2p.go:313.2,317.16 3 1
gonetwork/p2p.go:317.16,319.3 1 0
gonetwork/p2p.go:320.2,324.16 3 1
gonetwork/p2p.go:324.16,326.3 1 0
gonetwork/p2p.go:327.2,334.41 3 1
gonetwork/p2p.go:334.41,336.17 2 1
gonetwork/p2p.go:336.17,338.4 1 0
gonetwork/p2p.go:339.8,341.3 1 0
gonetwork/p2p.go:344.2,358.18 4 1
gonetwork/p2p.go:361.80,362.32 1 0
gonetwork/p2p.go:362.32,364.3 1 0
gonetwork/p2p.go:365.2,366.16 2 0
gonetwork/p2p.go:366.16,368.3 1 0
gonetwork/p2p.go:369.2,370.27 2 0
gonetwork/p2p.go:370.27,372.3 1 0
gonetwork/p2p.go:373.2,375.16 3 0
gonetwork/p2p.go:375.16,377.3 1 0
gonetwork/p2p.go:378.2,378.52 1 0
gonetwork/p2p.go:381.60,382.32 1 0
gonetwork/p2p.go:382.32,384.3 1 0
gonetwork/p2p.go:385.2,387.16 3 0
gonetwork/p2p.go:387.16,389.3 1 0
gonetwork/p2p.go:390.2,390.35 1 0
gonetwork/p2p.go:393.62,394.32 1 1
gonetwork/p2p.go:394.32,396.3 1 0
gonetwork/p2p.go:399.2,400.16 2 1
gonetwork/p2p.go:400.16,402.3 1 0
gonetwork/p2p.go:405.2,412.16 3 1
gonetwork/p2p.go:412.16,414.3 1 0
gonetwork/p2p.go:417.2,417.52 1 1
gonetwork/p2p.go:420.53,421.32 1 1
gonetwork/p2p.go:421.32,423.3 1 0
gonetwork/p2p.go:426.2,427.16 2 1
gonetwork/p2p.go:427.16,429.3 1 0
gonetwork/p2p.go:432.2,439.16 3 1
gonetwork/p2p.go:439.16,441.3 1 0
gonetwork/p2p.go:444.2,444.52 1 1
gonetwork/p2p.go:447.72,448.32 1 0
gonetwork/p2p.go:448.32,450.3 1 0
gonetwork/p2p.go:451.2,452.16 2 0
gonetwork/p2p.go:452.16,454.3 1 0
gonetwork/p2p.go:455.2,457.16 3 0
gonetwork/p2p.go:457.16,459.3 1 0
gonetwork/p2p.go:460.2,460.52 1 0
gonetwork/p2p.go:463.71,464.32 1 0
gonetwork/p2p.go:464.32,466.3 1 0
gonetwork/p2p.go:467.2,468.16 2 0
gonetwork/p2p.go:468.16,470.3 1 0
gonetwork/p2p.go:471.2,473.16 3 0
gonetwork/p2p.go:473.16,475.3 1 0
gonetwork/p2p.go:476.2,476.52 1 0
gonetwork/p2p.go:479.78,480.32 1 0
gonetwork/p2p.go:480.32,482.3 1 0
gonetwork/p2p.go:483.2,484.16 2 0
gonetwork/p2p.go:484.16,486.3 1 0
gonetwork/p2p.go:487.2,489.16 3 0
gonetwork/p2p.go:489.16,491.3 1 0
gonetwork/p2p.go:492.2,492.52 1 0
gonetwork/p2p.go:495.55,496.6 1 1
gonetwork/p2p.go:496.6,497.10 1 1
gonetwork/p2p.go:498.21,500.10 2 1
gonetwork/p2p.go:501.11,503.18 2 1
gonetwork/p2p.go:503.18,505.13 2 1
gonetwork/p2p.go:508.4,508.39 1 0
gonetwork/p2p.go:508.39,509.13 1 0
gonetwork/p2p.go:513.4,514.64 2 0
gonetwork/p2p.go:514.64,516.13 2 0
gonetwork/p2p.go:520.4,520.27 1 0
gonetwork/p2p.go:521.32,523.67 2 0
gonetwork/p2p.go:523.67,525.14 2 0
gonetwork/p2p.go:527.5,528.36 2 0
gonetwork/p2p.go:530.26,532.70 2 0
gonetwork/p2p.go:532.70,534.14 2 0
gonetwork/p2p.go:536.5,541.42 3 0
gonetwork/p2p.go:541.42,545.6 1 0
gonetwork/p2p.go:546.5,546.29 1 0
gonetwork/p2p.go:548.24,549.51 1 0
gonetwork/p2p.go:551.25,558.31 4 0
gonetwork/p2p.go:560.37,562.67 2 0
gonetwork/p2p.go:562.67,564.14 2 0
gonetwork/p2p.go:566.5,567.173 2 0
gonetwork/p2p.go:567.173,569.6 1 0
gonetwork/p2p.go:569.11,571.6 1 0
gonetwork/p2p.go:572.5,572.29 1 0
gonetwork/p2p.go:574.31,576.67 2 0
gonetwork/p2p.go:576.67,578.14 2 0
gonetwork/p2p.go:581.5,582.33 2 0
gonetwork/p2p.go:582.33,584.6 1 0
gonetwork/p2p.go:585.5,585.29 1 0
gonetwork/p2p.go:587.40,589.67 2 0
gonetwork/p2p.go:589.67,591.14 2 0
gonetwork/p2p.go:593.5,594.59 2 0
gonetwork/p2p.go:594.59,596.6 1 0
gonetwork/p2p.go:597.5,597.29 1 0
gonetwork/p2p.go:599.33,601.67 2 0
gonetwork/p2p.go:601.67,603.14 2 0
gonetwork/p2p.go:605.5,605.23 1 0
gonetwork/p2p.go:605.23,606.80 1 0
gonetwork/p2p.go:606.80,608.7 1 0
gonetwork/p2p.go:611.36,613.67 2 0
gonetwork/p2p.go:613.67,615.14 2 0
gonetwork/p2p.go:617.5,617.23 1 0
gonetwork/p2p.go:617.23,618.81 1 0
gonetwork/p2p.go:618.81,620.7 1 0
gonetwork/p2p.go:623.12,624.60 1 0
gonetwork/p2p.go:630.68,635.66 3 0
gonetwork/p2p.go:635.66,637.3 1 0
gonetwork/p2p.go:637.8,641.17 3 0
gonetwork/p2p.go:641.17,643.4 1 0
gonetwork/p2p.go:646.3,647.31 2 0
gonetwork/p2p.go:647.31,649.4 1 0
gonetwork/p2p.go:653.2,653.71 1 0
gonetwork/p2p.go:653.71,655.3 1 0
gonetwork/p2p.go:658.2,659.16 2 0
gonetwork/p2p.go:659.16,661.3 1 0
gonetwork/p2p.go:662.2,666.16 3 0
gonetwork/p2p.go:666.16,668.3 1 0
gonetwork/p2p.go:670.2,671.12 2 0
gonetwork/p2p.go:674.49,681.16 3 0
gonetwork/p2p.go:681.16,683.3 1 0
gonetwork/p2p.go:685.2,685.52 1 0
gonetwork/p2p.go:688.48,695.16 3 0
gonetwork/p2p.go:695.16,697.3 1 0
gonetwork/p2p.go:699.2,699.52 1 0
gonetwork/p2p.go:702.55,707.16 4 0
gonetwork/p2p.go:707.16,710.3 2 0
gonetwork/p2p.go:712.2,712.68 1 0
gonetwork/p2p.go:715.55,716.14 1 1
gonetwork/p2p.go:716.14,719.3 2 0
gonetwork/p2p.go:721.2,724.18 2 1
gonetwork/p2p.go:724.18,727.3 2 1
gonetwork/p2p.go:730.2,730.20 1 1
gonetwork/p2p.go:730.20,732.41 2 1
gonetwork/p2p.go:732.41,734.4 1 0
gonetwork/p2p.go:738.2,738.19 1 1
gonetwork/p2p.go:738.19,740.40 2 1
gonetwork/p2p.go:740.40,742.4 1 0
gonetwork/p2p.go:745.2,746.12 2 1
gonetwork/p2p_mock.go:12.90,15.2 2 1
gonetwork/p2p_mock.go:24.66,28.2 3 1
gonetwork/p2p_mock.go:30.57,34.2 3 1
gonetwork/p2p_mock.go:36.50,38.2 1 0
gonetwork/p2p_mock.go:40.43,42.2 1 0
gonetwork/p2p_mock.go:44.35,46.2 1 1
gonetwork/p2p_mock.go:48.131,62.2 4 1
gonetwork/p2p_mock.go:64.72,67.2 2 1
gonetwork/p2p_mock.go:69.59,72.2 1 1
gonetwork/p2p_mock.go:74.53,77.2 2 1
gonetwork/p2p_mock.go:79.59,85.2 4 1
gonetwork/payment.go:140.64,141.18 1 0
gonetwork/payment.go:142.13,143.29 1 0
gonetwork/payment.go:144.13,145.24 1 0
gonetwork/payment.go:146.20,147.25 1 0
gonetwork/payment.go:148.10,149.24 1 0
gonetwork/persistence.go:43.55,45.16 2 0
gonetwork/persistence.go:45.16,47.3 1 0
gonetwork/persistence.go:48.2,48.46 1 0
gonetwork/persistence.go:48.46,51.3 2 0
gonetwork/persistence.go:51.17,54.3 2 0
gonetwork/persistence.go:55.2,55.33 1 0
gonetwork/persistence.go:59.37,61.2 1 0
gonetwork/persistence.go:65.49,67.16 2 0
gonetwork/persistence.go:67.16,69.3 1 0
gonetwork/persistence.go:70.2,71.46 2 0
gonetwork/persistence.go:71.46,73.3 1 0
gonetwork/persistence.go:79.56,80.44 1 0
gonetwork/persistence.go:80.44,82.15 2 0
gonetwork/persistence.go:82.15,84.4 1 0
gonetwork/persistence.go:85.3,85.44 1 0
gonetwork/persistence.go:85.44,87.50 2 0
gonetwork/persistence.go:87.50,90.5 2 0
gonetwork/persistence.go:91.4,92.14 2 0
gonetwork/persistence.go:98.49,100.44 2 0
gonetwork/persistence.go:100.44,102.15 2 0
gonetwork/persistence.go:102.15,104.4 1 0
gonetwork/persistence.go:105.3,105.13 1 0
gonetwork/persistence.go:107.2,107.15 1 0
gonetwork/persistence.go:112.36,114.2 1 0
gonetwork/pontes_payment.go:60.72,62.18 2 0
gonetwork/pontes_payment.go:62.18,64.3 1 0
gonetwork/pontes_payment.go:65.2,66.19 2 0
gonetwork/pontes_payment.go:66.19,68.3 1 0
gonetwork/pontes_payment.go:69.2,70.23 2 0
gonetwork/pontes_payment.go:70.23,72.3 1 0
gonetwork/pontes_payment.go:73.2,74.75 2 0
gonetwork/pontes_payment.go:78.112,79.18 1 0
gonetwork/pontes_payment.go:79.18,81.3 1 0
gonetwork/pontes_payment.go:82.2,82.23 1 0
gonetwork/pontes_payment.go:82.23,84.3 1 0
gonetwork/pontes_payment.go:85.2,93.8 1 0
gonetwork/pontes_payment.go:117.87,119.2 1 0
gonetwork/pontes_payment.go:124.91,128.40 3 0
gonetwork/pontes_payment.go:128.40,130.3 1 0
gonetwork/pontes_payment.go:132.2,133.9 2 0
gonetwork/pontes_payment.go:133.9,135.3 1 0
gonetwork/pontes_payment.go:137.2,138.16 2 0
gonetwork/pontes_payment.go:138.16,140.3 1 0
gonetwork/pontes_payment.go:141.2,144.16 3 0
gonetwork/pontes_payment.go:144.16,146.3 1 0
gonetwork/pontes_payment.go:147.2,152.67 3 0
gonetwork/pontes_payment.go:152.67,154.3 1 0
gonetwork/pontes_payment.go:156.2,157.38 2 0
gonetwork/pontes_payment.go:157.38,159.3 1 0
gonetwork/pontes_payment.go:160.2,160.20 1 0
gonetwork/pontes_payment.go:167.105,172.2 4 0
gonetwork/pontes_payment.go:181.101,190.16 2 0
gonetwork/pontes_payment.go:190.16,192.3 1 0
gonetwork/pontes_payment.go:194.2,195.16 2 0
gonetwork/pontes_payment.go:195.16,197.3 1 0
gonetwork/pontes_payment.go:198.2,202.16 4 0
gonetwork/pontes_payment.go:202.16,204.3 1 0
gonetwork/pontes_payment.go:205.2,207.53 2 0
gonetwork/pontes_payment.go:207.53,210.3 2 0
gonetwork/pontes_payment.go:212.2,213.67 2 0
gonetwork/pontes_payment.go:213.67,215.3 1 0
gonetwork/pontes_payment.go:216.2,216.32 1 0
gonetwork/pontes_payment.go:216.32,218.3 1 0
gonetwork/pontes_payment.go:220.2,227.34 6 0
gonetwork/pontes_payment.go:233.95,234.24 1 0
gonetwork/pontes_payment.go:234.24,236.3 1 0
gonetwork/pontes_payment.go:237.2,240.56 4 0
gonetwork/pontes_payment.go:245.58,246.11 1 0
gonetwork/pontes_payment.go:247.30,248.32 1 0
gonetwork/pontes_payment.go:249.28,250.29 1 0
gonetwork/pontes_payment.go:251.17,252.30 1 0
gonetwork/pontes_payment.go:253.10,254.30 1 0
gonetwork/registration.go:216.62,224.2 7 0
gonetwork/registration.go:228.48,230.2 1 0
gonetwork/registration.go:256.54,260.55 2 0
gonetwork/registration.go:260.55,262.40 2 0
gonetwork/registration.go:262.40,263.76 1 0
gonetwork/registration.go:265.3,266.22 2 0
gonetwork/registration.go:268.2,268.11 1 0
gonetwork/registration.go:274.69,275.38 1 0
gonetwork/registration.go:275.38,277.3 1 0
gonetwork/registration.go:278.2,279.16 2 0
gonetwork/registration.go:279.16,280.72 1 0
gonetwork/registration.go:282.2,283.16 2 0
gonetwork/registration.go:283.16,284.65 1 0
gonetwork/registration.go:286.2,287.59 2 0
gonetwork/registration.go:287.59,288.73 1 0
gonetwork/registration.go:290.2,291.63 2 0
gonetwork/registration.go:296.70,297.44 1 0
gonetwork/registration.go:297.44,299.3 1 0
gonetwork/registration.go:300.2,300.19 1 0
gonetwork/registration.go:300.19,302.3 1 0
gonetwork/registration.go:303.2,304.16 2 0
gonetwork/registration.go:304.16,306.3 1 0
gonetwork/registration.go:307.2,308.16 2 0
gonetwork/registration.go:308.16,310.3 1 0
gonetwork/registration.go:311.2,312.16 2 0
gonetwork/registration.go:312.16,314.3 1 0
gonetwork/registration.go:315.2,316.27 2 0
gonetwork/registration.go:316.27,318.3 1 0
gonetwork/registration.go:319.2,320.16 2 0
gonetwork/registration.go:320.16,322.3 1 0
gonetwork/registration.go:323.2,323.26 1 0
gonetwork/registration.go:327.90,328.19 1 0
gonetwork/registration.go:328.19,330.3 1 0
gonetwork/registration.go:331.2,343.11 13 0
gonetwork/registration.go:347.90,348.19 1 0
gonetwork/registration.go:348.19,350.3 1 0
gonetwork/registration.go:351.2,363.11 13 0
gonetwork/registration.go:369.68,373.27 4 0
gonetwork/registration.go:373.27,375.3 1 0
gonetwork/registration.go:376.2,377.57 2 0
gonetwork/registration.go:382.75,386.14 4 0
gonetwork/registration.go:386.14,388.3 1 0
gonetwork/registration.go:389.2,389.28 1 0
gonetwork/registration.go:394.69,398.31 4 0
gonetwork/registration.go:398.31,399.50 1 0
gonetwork/registration.go:399.50,401.4 1 0
gonetwork/registration.go:403.2,403.38 1 0
gonetwork/registration.go:403.38,405.3 1 0
gonetwork/registration.go:406.2,406.12 1 0
gonetwork/registration.go:416.9,420.9 4 0
gonetwork/registration.go:420.9,422.3 1 0
gonetwork/registration.go:423.2,426.27 4 0
gonetwork/registration.go:426.27,428.3 1 0
gonetwork/registration.go:429.2,430.12 2 0
gonetwork/registration.go:435.61,439.31 4 0
gonetwork/registration.go:439.31,441.3 1 0
gonetwork/registration.go:442.2,442.12 1 0
gonetwork/regulatory_reporting.go:78.30,79.18 1 0
gonetwork/regulatory_reporting.go:79.18,81.3 1 0
gonetwork/regulatory_reporting.go:83.2,85.31 3 0
gonetwork/regulatory_reporting.go:85.31,87.3 1 0
gonetwork/regulatory_reporting.go:89.2,107.8 2 0
gonetwork/regulatory_reporting.go:132.3,134.9 2 0
gonetwork/regulatory_reporting.go:134.9,136.3 1 0
gonetwork/regulatory_reporting.go:137.2,137.49 1 0
gonetwork/regulatory_reporting.go:137.49,139.3 1 0
gonetwork/regulatory_reporting.go:141.2,143.16 3 0
gonetwork/regulatory_reporting.go:143.16,145.3 1 0
gonetwork/regulatory_reporting.go:146.2,154.4 2 0
gonetwork/regulatory_reporting.go:162.3,164.9 2 0
gonetwork/regulatory_reporting.go:164.9,166.3 1 0
gonetwork/regulatory_reporting.go:167.2,167.49 1 0
gonetwork/regulatory_reporting.go:167.49,169.3 1 0
gonetwork/regulatory_reporting.go:171.2,173.16 3 0
gonetwork/regulatory_reporting.go:173.16,175.3 1 0
gonetwork/regulatory_reporting.go:176.2,184.4 2 0
gonetwork/regulatory_reporting.go:188.58,191.2 2 0
gonetwork/reporting.go:29.52,34.2 1 1
gonetwork/reporting.go:36.75,38.2 1 1
gonetwork/reporting.go:40.78,42.2 1 1
gonetwork/reporting.go:44.77,45.40 1 1
gonetwork/reporting.go:45.40,47.3 1 1
gonetwork/reporting.go:48.2,48.17 1 0
gonetwork/reporting.go:51.81,52.16 1 1
gonetwork/reporting.go:52.16,54.3 1 1
gonetwork/reporting.go:55.2,55.47 1 1
gonetwork/reporting.go:55.47,57.3 1 1
gonetwork/reporting.go:58.2,58.17 1 0
gonetwork/reporting.go:81.46,83.2 1 1
gonetwork/reporting.go:86.93,89.2 2 1
gonetwork/reporting.go:98.65,105.50 5 1
gonetwork/reporting.go:105.50,107.21 2 1
gonetwork/reporting.go:107.21,108.12 1 0
gonetwork/reporting.go:110.3,111.23 2 1
gonetwork/reporting.go:111.23,113.4 1 1
gonetwork/reporting.go:114.3,122.20 4 1
gonetwork/reporting.go:125.2,125.19 1 1
gonetwork/reporting.go:125.19,130.3 1 1
gonetwork/reporting.go:133.2,134.25 2 1
gonetwork/reporting.go:134.25,135.18 1 1
gonetwork/reporting.go:135.18,137.4 1 1
gonetwork/reporting.go:139.2,141.33 2 1
gonetwork/reporting.go:182.28,189.35 2 1
gonetwork/reporting.go:189.35,190.36 1 1
gonetwork/reporting.go:190.36,191.12 1 0
gonetwork/reporting.go:193.3,193.27 1 1
gonetwork/reporting.go:193.27,194.12 1 0
gonetwork/reporting.go:197.3,198.10 2 1
gonetwork/reporting.go:198.10,199.12 1 0
gonetwork/reporting.go:202.3,203.17 2 1
gonetwork/reporting.go:203.17,205.4 1 0
gonetwork/reporting.go:207.3,212.44 4 1
gonetwork/reporting.go:212.44,214.4 1 1
gonetwork/reporting.go:217.3,218.26 2 1
gonetwork/reporting.go:218.26,220.4 1 1
gonetwork/reporting.go:222.3,235.41 2 1
gonetwork/reporting.go:238.2,238.20 1 1
gonetwork/reporting.go:242.56,244.2 1 1
gonetwork/reporting.go:290.57,291.22 1 1
gonetwork/reporting.go:292.12,293.15 1 1
gonetwork/reporting.go:294.10,295.11 1 1
gonetwork/reporting.go:319.23,331.31 4 1
gonetwork/reporting.go:331.31,333.66 1 1
gonetwork/reporting.go:333.66,334.12 1 1
gonetwork/reporting.go:337.3,337.34 1 1
gonetwork/reporting.go:337.34,338.12 1 0
gonetwork/reporting.go:341.3,342.10 2 1
gonetwork/reporting.go:342.10,343.12 1 0
gonetwork/reporting.go:347.3,348.17 2 1
gonetwork/reporting.go:348.17,350.4 1 0
gonetwork/reporting.go:352.3,358.17 3 1
gonetwork/reporting.go:358.17,361.4 1 0
gonetwork/reporting.go:364.3,365.19 2 1
gonetwork/reporting.go:365.19,367.4 1 1
gonetwork/reporting.go:368.3,369.17 2 1
gonetwork/reporting.go:369.17,371.4 1 0
gonetwork/reporting.go:372.3,377.27 3 1
gonetwork/reporting.go:377.27,379.4 1 0
gonetwork/reporting.go:381.3,395.19 3 1
gonetwork/reporting.go:395.19,397.4 1 1
gonetwork/reporting.go:397.9,399.4 1 1
gonetwork/reporting.go:402.2,406.42 3 1
gonetwork/reporting.go:406.42,408.29 2 1
gonetwork/reporting.go:408.29,410.4 1 1
gonetwork/reporting.go:413.2,413.20 1 1
gonetwork/reporting.go:417.51,419.2 1 0
gonetwork/spv.go:83.24,84.16 1 1
gonetwork/spv.go:84.16,86.3 1 1
gonetwork/spv.go:87.2,87.32 1 1
gonetwork/spv.go:87.32,89.3 1 0
gonetwork/spv.go:90.2,90.31 1 1
gonetwork/spv.go:90.31,92.3 1 1
gonetwork/spv.go:93.2,93.32 1 1
gonetwork/spv.go:93.32,95.3 1 1
gonetwork/spv.go:96.2,96.24 1 1
gonetwork/spv.go:96.24,98.3 1 1
gonetwork/spv.go:100.2,123.16 10 1
gonetwork/spv.go:123.16,125.3 1 0
gonetwork/spv.go:126.2,129.15 3 1
gonetwork/spv.go:136.93,143.2 6 0
gonetwork/spv.go:146.67,150.16 4 1
gonetwork/spv.go:150.16,152.3 1 0
gonetwork/spv.go:153.2,155.41 3 1
gonetwork/spv.go:162.95,163.16 1 1
gonetwork/spv.go:163.16,165.3 1 0
gonetwork/spv.go:166.2,169.94 3 1
gonetwork/spv.go:185.28,186.17 1 1
gonetwork/spv.go:186.17,188.3 1 0
gonetwork/spv.go:189.2,189.52 1 1
gonetwork/spv.go:189.52,191.3 1 0
gonetwork/spv.go:192.2,192.55 1 1
gonetwork/spv.go:192.55,194.3 1 0
gonetwork/spv.go:196.2,226.16 19 1
gonetwork/spv.go:226.16,228.3 1 0
gonetwork/spv.go:229.2,232.16 3 1
gonetwork/spv.go:236.72,240.16 4 1
gonetwork/spv.go:240.16,242.3 1 0
gonetwork/spv.go:243.2,245.41 3 1
gonetwork/spv.go:274.33,275.87 1 1
gonetwork/spv.go:275.87,277.3 1 0
gonetwork/spv.go:278.2,278.18 1 1
gonetwork/spv.go:278.18,280.3 1 0
gonetwork/spv.go:282.2,284.37 2 1
gonetwork/spv.go:284.37,285.34 1 1
gonetwork/spv.go:285.34,286.12 1 0
gonetwork/spv.go:288.3,288.27 1 1
gonetwork/spv.go:288.27,289.12 1 1
gonetwork/spv.go:292.3,292.59 1 1
gonetwork/spv.go:292.59,293.12 1 0
gonetwork/spv.go:296.3,306.21 8 1
gonetwork/spv.go:307.38,309.30 2 1
gonetwork/spv.go:310.29,312.29 2 1
gonetwork/spv.go:315.3,325.5 1 1
gonetwork/spv.go:328.2,328.26 1 1
gonetwork/validation.go:35.41,37.2 1 0
gonetwork/validation.go:90.39,93.2 2 0
gonetwork/validation.go:96.36,98.2 1 0
gonetwork/validation.go:101.37,102.22 1 0
gonetwork/validation.go:102.22,103.26 1 0
gonetwork/validation.go:103.26,105.4 1 0
gonetwork/validation.go:107.2,107.13 1 0
gonetwork/validation.go:116.59,119.33 2 0
gonetwork/validation.go:119.33,121.3 1 0
gonetwork/validation.go:125.2,126.9 2 0
gonetwork/validation.go:127.21,128.67 1 0
gonetwork/validation.go:129.23,130.68 1 0
gonetwork/validation.go:131.30,132.76 1 0
gonetwork/validation.go:135.2,135.34 1 0
gonetwork/validation.go:135.34,137.3 1 0
gonetwork/validation.go:137.8,139.17 2 0
gonetwork/validation.go:139.17,141.4 1 0
gonetwork/validation.go:141.9,143.54 1 0
gonetwork/validation.go:143.54,145.5 1 0
gonetwork/validation.go:149.2,149.34 1 0
gonetwork/validation.go:149.34,151.3 1 0
gonetwork/validation.go:151.8,151.52 1 0
gonetwork/validation.go:151.52,153.3 1 0
gonetwork/validation.go:155.2,155.35 1 0
gonetwork/validation.go:155.35,157.3 1 0
gonetwork/validation.go:157.8,157.53 1 0
gonetwork/validation.go:157.53,159.3 1 0
gonetwork/validation.go:161.2,163.50 2 0
gonetwork/validation.go:163.50,165.3 1 0
gonetwork/validation.go:169.2,169.46 1 0
gonetwork/validation.go:169.46,171.3 1 0
gonetwork/validation.go:171.8,171.39 1 0
gonetwork/validation.go:171.39,173.3 1 0
gonetwork/validation.go:175.2,175.45 1 0
gonetwork/validation.go:175.45,177.3 1 0
gonetwork/validation.go:177.8,177.38 1 0
gonetwork/validation.go:177.38,179.3 1 0
gonetwork/validation.go:181.2,181.49 1 0
gonetwork/validation.go:181.49,183.3 1 0
gonetwork/validation.go:183.8,183.41 1 0
gonetwork/validation.go:183.41,185.3 1 0
gonetwork/validation.go:187.2,187.29 1 0
gonetwork/validation.go:187.29,189.3 1 0
gonetwork/validation.go:189.8,189.47 1 0
gonetwork/validation.go:189.47,191.3 1 0
gonetwork/validation.go:195.2,195.27 1 0
gonetwork/validation.go:195.27,197.3 1 0
gonetwork/validation.go:197.8,197.49 1 0
gonetwork/validation.go:197.49,199.3 1 0
gonetwork/validation.go:201.2,201.37 1 0
gonetwork/validation.go:201.37,203.3 1 0
gonetwork/validation.go:203.8,203.55 1 0
gonetwork/validation.go:203.55,205.3 1 0
gonetwork/validation.go:207.2,207.33 1 0
gonetwork/validation.go:207.33,209.3 1 0
gonetwork/validation.go:209.8,211.17 2 0
gonetwork/validation.go:211.17,213.4 1 0
gonetwork/validation.go:213.9,213.45 1 0
gonetwork/validation.go:213.45,215.4 1 0
gonetwork/validation.go:218.2,218.35 1 0
gonetwork/validation.go:218.35,220.3 1 0
gonetwork/validation.go:220.8,220.53 1 0
gonetwork/validation.go:220.53,222.3 1 0
gonetwork/validation.go:224.2,224.41 1 0
gonetwork/validation.go:224.41,226.3 1 0
gonetwork/validation.go:226.8,226.59 1 0
gonetwork/validation.go:226.59,228.3 1 0
gonetwork/validation.go:232.2,232.46 1 0
gonetwork/validation.go:232.46,234.3 1 0
gonetwork/validation.go:235.2,235.45 1 0
gonetwork/validation.go:235.45,237.3 1 0
gonetwork/validation.go:238.2,238.44 1 0
gonetwork/validation.go:238.44,240.3 1 0
gonetwork/validation.go:242.2,242.70 1 0
gonetwork/validation.go:242.70,244.3 1 0
gonetwork/validation.go:248.2,248.99 1 0
gonetwork/validation.go:248.99,250.3 1 0
gonetwork/validation.go:252.2,252.24 1 0
gonetwork/validation.go:252.24,254.3 1 0
gonetwork/validation.go:255.2,255.31 1 0
gonetwork/validation.go:255.31,257.3 1 0
gonetwork/validation.go:261.2,261.26 1 0
gonetwork/validation.go:261.26,263.3 1 0
gonetwork/validation.go:263.8,263.44 1 0
gonetwork/validation.go:263.44,265.3 1 0
gonetwork/validation.go:267.2,267.13 1 0
gonetwork/wallets.go:24.35,26.16 2 1
gonetwork/wallets.go:26.16,28.3 1 0
gonetwork/wallets.go:29.2,32.20 4 1
gonetwork/wallets.go:36.103,37.25 1 1
gonetwork/wallets.go:37.25,39.3 1 0
gonetwork/wallets.go:40.2,40.17 1 1
gonetwork/wallets.go:40.17,42.3 1 0
gonetwork/wallets.go:44.2,53.57 3 1
gonetwork/wallets.go:53.57,55.3 1 0
gonetwork/wallets.go:57.2,59.16 2 1
gonetwork/wallets.go:62.53,63.17 1 1
gonetwork/wallets.go:63.17,65.3 1 0
gonetwork/wallets.go:66.2,66.24 1 1
gonetwork/wallets.go:66.24,68.3 1 1
gonetwork/wallets.go:71.2,79.13 5 1
gonetwork/wallets.go:79.13,85.3 2 1
gonetwork/wallets.go:86.2,89.12 3 1
gonetwork/wallets.go:91.55,92.17 1 1
gonetwork/wallets.go:92.17,94.3 1 0
gonetwork/wallets.go:97.2,101.46 4 1
gonetwork/wallets.go:101.46,103.3 1 1
gonetwork/wallets.go:106.2,112.31 3 1
gonetwork/wallets.go:112.31,114.3 1 1
gonetwork/wallets.go:115.2,117.12 2 1
gonetwork/wallets.go:119.52,121.2 1 1
